cell_name,cell_type,basal_max_fit_x,basal_max_fit_y,apical_max_fit_x,apical_max_fit_y
ITL23__541549258_stage_1_seed_2_hof_0,ITL23,19,0.725247493315464,34,0.793074826529116
ITL23__541557114_stage_1_seed_1_hof_0,ITL23,214,0.715314631773956,222,0.714480373266862
ITL23__541557114_stage_1_seed_2_hof_0,ITL23,134,0.580054581862356,209,0.58490298815888
ITL23__569835804_stage_1_seed_1_hof_0,ITL23,38,0.627665736863543,34,0.668397427811482
ITL23__569835804_stage_1_seed_2_hof_0,ITL23,39,0.59799343442142,35,0.627000284888883
ITL23__569860121_stage_1_seed_1_hof_0,ITL23,49,0.730160872738575,20,0.739375809971824
ITL23__569860121_stage_1_seed_2_hof_0,ITL23,74,0.690349134943843,65,0.716919577224601
ITL23__571732727_stage_1_seed_1_hof_0,ITL23,176,0.714617887947171,67,0.661288036631646
ITL23__571732727_stage_1_seed_2_hof_0,ITL23,116,0.665906803425965,156,0.677808850859809
ITL23__576110753_stage_1_seed_1_hof_0,ITL23,167,0.504916148132165,67,0.343404399303694
ITL23__576110753_stage_1_seed_2_hof_0,ITL23,105,0.656671898812478,164,0.662772337310547
ITL23__576118161_stage_1_seed_1_hof_0,ITL23,140,0.548077537989438,180,0.561296817273889
ITL23__576118161_stage_1_seed_2_hof_0,ITL23,145,0.530240836701201,185,0.543119166968237
ITL23__595572609_stage_1_seed_1_hof_0,ITL23,11,0.334238261352346,139,0.717878133856714
ITL23__595572609_stage_1_seed_2_hof_0,ITL23,135,0.700444477877751,194,0.70068881540827
ITL23__595583062_stage_1_seed_1_hof_0,ITL23,60,0.694359896854177,123,0.7128505781873
ITL23__595583062_stage_1_seed_2_hof_0,ITL23,57,0.661707121783745,115,0.665736605281414
ITL23__596898838_stage_1_seed_2_hof_0,ITL23,39,0.620552582451734,101,0.612652925105763
ITL23__602165685_stage_1_seed_1_hof_0,ITL23,64,0.593905940356964,222,0.699167872898368
ITL23__602165685_stage_1_seed_2_hof_0,ITL23,60,0.588463328079809,90,0.569327755992043
ITL23__653804581_stage_1_seed_1_hof_0,ITL23,95,0.654261865229353,89,0.636410725215034
ITL23__653804581_stage_1_seed_2_hof_0,ITL23,107,0.639163485072075,131,0.643283730092748
ITL23__653854241_stage_1_seed_1_hof_0,ITL23,46,0.638319324628744,100,0.669473676642272
ITL23__653854241_stage_1_seed_2_hof_0,ITL23,74,0.569683874720371,252,0.651689666781451
ITL23__654180841_stage_1_seed_1_hof_0,ITL23,135,0.709415783595278,37,0.198007251397524
ITL23__654180841_stage_1_seed_2_hof_0,ITL23,138,0.472465943152823,115,0.430870942599894
ITL23__665713811_stage_1_seed_1_hof_0,ITL23,223,0.551788132985079,229,0.559216065136168
ITL23__665713811_stage_1_seed_2_hof_0,ITL23,63,0.625450014043162,158,0.679966800011802
ITL23__677088033_stage_1_seed_1_hof_0,ITL23,111,0.485185499241824,155,0.511094351131863
ITL23__677088033_stage_1_seed_2_hof_0,ITL23,115,0.660518090260709,148,0.670360552852242
ITL23__685806309_stage_1_seed_1_hof_0,ITL23,108,0.674630993446573,180,0.686625745910779
ITL23__685806309_stage_1_seed_2_hof_0,ITL23,187,0.683658438548995,203,0.690554516313331
ITL23__685814252_stage_1_seed_1_hof_0,ITL23,136,0.62458042845137,154,0.642579165076744
ITL23__685814252_stage_1_seed_2_hof_0,ITL23,110,0.6286858870745,65,0.567194572611846
ITL23__689300528_stage_1_seed_1_hof_0,ITL23,58,0.526411607127643,87,0.517458958340638
ITL23__689300528_stage_1_seed_2_hof_0,ITL23,57,0.676934876552949,85,0.674215813184623
ITL23__689306818_stage_1_seed_1_hof_0,ITL23,111,0.698138358263153,185,0.706668701758924
ITL23__689306818_stage_1_seed_2_hof_0,ITL23,64,0.670199996026072,218,0.71039116335223
ITL23__689309060_stage_1_seed_1_hof_0,ITL23,153,0.720850256237743,184,0.72313525438728
ITL23__689309060_stage_1_seed_2_hof_0,ITL23,152,0.715149879470208,182,0.715177391956817
ITL23__689312221_stage_1_seed_1_hof_0,ITL23,78,0.511680514841749,114,0.502748284527316
ITL23__689312221_stage_1_seed_2_hof_0,ITL23,116,0.675682322746797,167,0.680605472470581
ITL23__689323433_stage_1_seed_1_hof_0,ITL23,145,0.656647880053391,130,0.65092537142634
ITL23__689323433_stage_1_seed_2_hof_0,ITL23,163,0.553879890868238,105,0.518502071459685
ITL23__689360253_stage_1_seed_1_hof_0,ITL23,201,0.654295014191523,211,0.66765428936658
ITL23__689360253_stage_1_seed_2_hof_0,ITL23,88,0.699992668285759,115,0.697878820379605
ITL23__695494556_stage_1_seed_1_hof_0,ITL23,154,0.650894332309804,164,0.642496292325017
ITL23__695494556_stage_1_seed_2_hof_0,ITL23,85,0.663230450559195,148,0.676584910061062
ITL23__695521538_stage_1_seed_1_hof_0,ITL23,90,0.71309457053675,140,0.704540074145341
ITL23__695521538_stage_1_seed_2_hof_0,ITL23,113,0.687789645706055,157,0.683988913690562
ITL23__695546566_stage_1_seed_1_hof_0,ITL23,153,0.676327273264272,37,0.25110633013766
ITL23__695546566_stage_1_seed_2_hof_0,ITL23,124,0.383846050848788,35,0.134111689971372
ITL23__695557339_stage_1_seed_1_hof_0,ITL23,86,0.625463566946031,110,0.623143526659202
ITL23__695557339_stage_1_seed_2_hof_0,ITL23,177,0.608003446961273,225,0.655699265308663
ITL23__707828926_stage_1_seed_1_hof_0,ITL23,86,0.672924309127896,135,0.68031160738833
ITL23__707828926_stage_1_seed_2_hof_0,ITL23,86,0.668783301534732,143,0.681600853719381
ITL23__716918890_stage_1_seed_1_hof_0,ITL23,176,0.682147919778012,12,0.420707950334861
ITL23__716929071_stage_1_seed_2_hof_0,ITL23,122,0.624945087727093,62,0.537864975683434
ITL23__720828444_stage_1_seed_2_hof_0,ITL23,34,0.572163061104586,129,0.645470937056339
ITL23__720850977_stage_1_seed_1_hof_0,ITL23,81,0.620813050683097,155,0.624420831346057
ITL23__720850977_stage_1_seed_2_hof_0,ITL23,43,0.439962098920148,89,0.447216766836916
ITL23__720862326_stage_1_seed_1_hof_0,ITL23,163,0.544695528419336,32,0.205559011210536
ITL23__720862326_stage_1_seed_2_hof_0,ITL23,117,0.690536376258302,29,0.195577971786895
ITL23__720871158_stage_1_seed_1_hof_0,ITL23,90,0.641692503294096,111,0.652746603494749
ITL23__720871158_stage_1_seed_2_hof_0,ITL23,131,0.689666940645761,149,0.688677050140213
ITL23__720878801_stage_1_seed_1_hof_0,ITL23,84,0.734138994053798,99,0.737690065279518
ITL23__720878801_stage_1_seed_2_hof_0,ITL23,81,0.714360766317027,97,0.711707546243484
ITL23__737089555_stage_1_seed_1_hof_0,ITL23,66,0.39028122125663,101,0.402288087648592
ITL23__737089555_stage_1_seed_2_hof_0,ITL23,113,0.48226206483299,35,0.227220389090436
ITL23__737134157_stage_1_seed_1_hof_0,ITL23,202,0.638639248912671,202,0.639173157421785
ITL23__737134157_stage_1_seed_2_hof_0,ITL23,208,0.696562761397914,240,0.686616266388147
ITL23__737158657_stage_1_seed_1_hof_0,ITL23,93,0.693065583820516,11,0.401258886153717
ITL23__737158657_stage_1_seed_2_hof_0,ITL23,134,0.418926843685258,224,0.440098385632034
ITL23__737424303_stage_1_seed_1_hof_0,ITL23,154,0.682628352382139,38,1.86622684125434
ITL23__737424303_stage_1_seed_2_hof_0,ITL23,169,0.707295341989379,38,1.95197770351068
ITL23__737820466_stage_1_seed_1_hof_0,ITL23,61,0.710113869451855,82,0.702916843374891
ITL23__737820466_stage_1_seed_2_hof_0,ITL23,55,0.705224228994514,11,0.665639650098792
ITL23__737988336_stage_1_seed_1_hof_0,ITL23,244,0.701964755582838,254,0.698427736269688
ITL23__737988336_stage_1_seed_2_hof_0,ITL23,65,0.663435659674618,83,0.661120592278512
ITL23__758285403_stage_1_seed_1_hof_0,ITL23,85,0.586097275816902,183,0.640654376884824
ITL23__758285403_stage_1_seed_2_hof_0,ITL23,80,0.485414175796285,194,0.501754738574058
ITL23__758286194_stage_1_seed_1_hof_0,ITL23,116,0.622692352905349,130,0.633929237161152
ITL23__758311336_stage_1_seed_1_hof_0,ITL23,160,0.636768118196784,64,0.638089569957256
ITL23__758311336_stage_1_seed_2_hof_0,ITL23,165,0.581699073360657,64,0.582711024543749
ITL23__758319694_stage_1_seed_1_hof_0,ITL23,145,0.722422965121745,152,0.707870653862876
ITL23__758319694_stage_1_seed_2_hof_0,ITL23,149,0.584874996655934,14,0.30325736157019
ITL23__758323401_stage_1_seed_1_hof_0,ITL23,135,0.664134930690014,150,0.673384882447462
ITL23__758816993_stage_1_seed_1_hof_0,ITL23,11,0.237382249693522,115,0.649095337067041
ITL23__758816993_stage_1_seed_2_hof_0,ITL23,106,0.697066546765575,148,0.69924116317916
ITL23__758967755_stage_1_seed_1_hof_0,ITL23,197,0.701212249746479,207,0.711005294676525
ITL23__758967755_stage_1_seed_2_hof_0,ITL23,120,0.682883909243713,137,0.68156352070944
ITL23__758996848_stage_1_seed_2_hof_0,ITL23,72,0.608653070593119,11,0.665437113621243
ITL23__767415421_stage_1_seed_1_hof_0,ITL23,74,0.695612116788482,66,0.699171881989328
ITL23__767415421_stage_1_seed_2_hof_0,ITL23,70,0.702230252683161,64,0.705572170003444
ITL23__767433014_stage_1_seed_1_hof_0,ITL23,96,0.702736454673913,17,0.292273014873254
ITL23__767433014_stage_1_seed_2_hof_0,ITL23,132,0.698314432493604,134,0.699557056422208
ITL23__767829778_stage_1_seed_1_hof_0,ITL23,142,0.637109515824984,14,0.356833458357778
ITL23__768819569_stage_1_seed_1_hof_0,ITL23,132,0.622184796912211,131,0.628160762729168
ITL23__768819569_stage_1_seed_2_hof_0,ITL23,106,0.423749431653193,105,0.432361360838368
ITL23__768848167_stage_1_seed_1_hof_0,ITL23,151,0.722237989676878,173,0.718531460985418
ITL23__768848167_stage_1_seed_2_hof_0,ITL23,110,0.686420197237535,162,0.682743758443364
ITL23__768867010_stage_1_seed_1_hof_0,ITL23,128,0.564052716556721,36,0.350967494715791
ITL23__768885440_stage_1_seed_1_hof_0,ITL23,136,0.703342406260918,181,0.711356376627853
ITL23__768885440_stage_1_seed_2_hof_0,ITL23,104,0.732393371476697,115,0.731781371858404
ITL23__769228370_stage_1_seed_1_hof_0,ITL23,67,0.699594553472791,94,0.70127122306694
ITL23__769228370_stage_1_seed_2_hof_0,ITL23,103,0.63320693061358,106,0.636213018316648
ITL23__770255641_stage_1_seed_1_hof_0,ITL23,147,0.694221224470971,132,0.693126867053775
ITL23__770268817_stage_1_seed_1_hof_0,ITL23,136,0.72291492231063,146,0.729526162448321
ITL23__770275864_stage_1_seed_1_hof_0,ITL23,69,0.549792955480176,37,0.80183744438768
ITL23__770275864_stage_1_seed_2_hof_0,ITL23,156,0.496058976339063,37,0.362463375480617
ITL23__770307286_stage_1_seed_1_hof_0,ITL23,131,0.673090672964448,111,0.679443401129179
ITL23__770307286_stage_1_seed_2_hof_0,ITL23,138,0.486618930956494,131,0.509455374565061
ITL23__770337451_stage_1_seed_1_hof_0,ITL23,89,0.417221983921639,82,0.416406376053931
ITL23__770337451_stage_1_seed_2_hof_0,ITL23,96,0.546477824136882,151,0.544932851567197
ITL23__770369798_stage_1_seed_1_hof_0,ITL23,85,0.679982702876817,115,0.679257546436988
ITL23__770369798_stage_1_seed_2_hof_0,ITL23,95,0.678927334416047,128,0.67420437649938
ITL23__770402036_stage_1_seed_1_hof_0,ITL23,79,0.660003165957205,130,0.653715540613636
ITL23__770402036_stage_1_seed_2_hof_0,ITL23,81,0.668636345974015,133,0.664425149782518
ITL23__770516177_stage_1_seed_1_hof_0,ITL23,63,0.386488159691586,125,0.377504881818054
ITL23__770516177_stage_1_seed_2_hof_0,ITL23,62,0.660270927543836,141,0.67158384215085
ITL23__770611301_stage_1_seed_1_hof_0,ITL23,71,0.694702239173757,99,0.697524667139241
ITL23__770611301_stage_1_seed_2_hof_0,ITL23,184,0.713791534854459,209,0.714126878795149
ITL23__770645883_stage_1_seed_1_hof_0,ITL23,68,0.457321496979961,127,0.456741418795949
ITL23__770645883_stage_1_seed_2_hof_0,ITL23,60,0.664018877922616,132,0.658427509507175
ITL23__770650205_stage_1_seed_1_hof_0,ITL23,107,0.717901011556297,106,0.707808195305955
ITL23__770650205_stage_1_seed_2_hof_0,ITL23,174,0.591091104669354,199,0.602882407622547
ITL23__770658546_stage_1_seed_1_hof_0,ITL23,66,0.703954503791776,135,0.700846741814278
ITL23__770658546_stage_1_seed_2_hof_0,ITL23,136,0.69000530406873,84,0.56219772159114
ITL23__774420848_stage_1_seed_1_hof_0,ITL23,145,0.567571978408679,138,0.572504233684954
ITL23__774420848_stage_1_seed_2_hof_0,ITL23,108,0.709846290429105,132,0.71773518154146
ITL23__774620186_stage_1_seed_1_hof_0,ITL23,124,0.459997799145167,32,0.209092525194853
ITL23__774620186_stage_1_seed_2_hof_0,ITL23,194,0.704673666326013,227,0.707660858170473
ITL23__783585601_stage_1_seed_1_hof_0,ITL23,112,0.651937254838315,143,0.662987218541943
ITL23__783585601_stage_1_seed_2_hof_0,ITL23,203,0.533572834657895,254,0.584433218567343
ITL23__783585742_stage_1_seed_1_hof_0,ITL23,83,0.679703184626508,172,0.695337857380917
ITL23__783585742_stage_1_seed_2_hof_0,ITL23,139,0.428442497844005,31,0.184387145334886
ITL23__783615441_stage_1_seed_1_hof_0,ITL23,61,0.667331904659345,104,0.669671494916831
ITL23__783615441_stage_1_seed_2_hof_0,ITL23,62,0.684849739745036,101,0.680190391122973
ITL23__783624438_stage_1_seed_1_hof_0,ITL23,219,0.65995225919239,148,0.672476613481106
ITL23__783624438_stage_1_seed_2_hof_0,ITL23,120,0.656554809829415,145,0.672723349389535
ITL23__783698501_stage_1_seed_1_hof_0,ITL23,194,0.735751325143276,218,0.732144804378972
ITL23__783698501_stage_1_seed_2_hof_0,ITL23,189,0.736500277966439,208,0.734349901126699
ITL23__785379684_stage_1_seed_1_hof_0,ITL23,86,0.731489439307718,42,0.661230302357401
ITL23__785379684_stage_1_seed_2_hof_0,ITL23,54,0.681674929280484,35,0.698757857168906
ITL23__786464137_stage_1_seed_1_hof_0,ITL23,90,0.497525101616372,90,0.508930229382518
ITL23__786464137_stage_1_seed_2_hof_0,ITL23,173,0.636335302611953,13,0.297660914344385
ITL23__786472956_stage_1_seed_1_hof_0,ITL23,178,0.712879166858387,208,0.722216480377131
ITL23__786472956_stage_1_seed_2_hof_0,ITL23,189,0.705197625834815,217,0.704918268727569
ITL23__786484903_stage_1_seed_1_hof_0,ITL23,156,0.625814208788096,172,0.623392710425329
ITL23__786484903_stage_1_seed_2_hof_0,ITL23,156,0.727918604928969,174,0.724032883900596
ITL23__786497938_stage_1_seed_1_hof_0,ITL23,171,0.46882865112051,163,0.461414451078318
ITL23__786497938_stage_1_seed_2_hof_0,ITL23,93,0.722938518660362,110,0.719251850350214
ITL23__786508373_stage_1_seed_1_hof_0,ITL23,125,0.662242359572138,188,0.678270230936234
ITL23__786508373_stage_1_seed_2_hof_0,ITL23,71,0.389975277787637,126,0.394278395115889
ITL23__787239157_stage_1_seed_1_hof_0,ITL23,193,0.656518039265291,218,0.670500459112415
ITL23__787239157_stage_1_seed_2_hof_0,ITL23,89,0.698875510825281,123,0.682794867770121
ITL23__793490645_stage_1_seed_1_hof_0,ITL23,67,0.665768144157188,115,0.676602938382588
ITL23__793490645_stage_1_seed_2_hof_0,ITL23,141,0.666197292181209,153,0.663875285162704
ITL23__852458310_stage_1_seed_1_hof_0,ITL23,40,0.417145138348569,62,0.416309878898364
ITL23__852458310_stage_1_seed_2_hof_0,ITL23,39,0.59212417600966,16,0.357344196645369
ITL23__852496988_stage_1_seed_1_hof_0,ITL23,73,0.660044855722344,37,0.455987464526434
ITL23__852496988_stage_1_seed_2_hof_0,ITL23,72,0.686653764876756,38,0.547711455495884
ITL35__1005032781_stage_1_seed_1_hof_0,ITL35,36,0.243782120328262,97,0.247997350785251
ITL35__576134298_stage_1_seed_1_hof_0,ITL35,147,0.708223279183836,177,0.719278308794771
ITL35__576134298_stage_1_seed_2_hof_0,ITL35,242,0.739394079212013,237,0.733305659617924
ITL35__592532014_stage_1_seed_1_hof_0,ITL35,140,0.468781067311436,194,0.534394411516679
ITL35__592532014_stage_1_seed_2_hof_0,ITL35,142,0.487318707412068,209,0.537433086080915
ITL35__653040833_stage_1_seed_1_hof_0,ITL35,93,0.682499974018645,132,0.691853242488087
ITL35__653040833_stage_1_seed_2_hof_0,ITL35,158,0.699256918306319,194,0.70400200158731
ITL35__653808728_stage_1_seed_1_hof_0,ITL35,19,0.279332739191017,20,0.272778624592885
ITL35__653808728_stage_1_seed_2_hof_0,ITL35,250,0.46807231697366,202,0.457914566102384
ITL35__689331593_stage_1_seed_1_hof_0,ITL35,105,0.658786152268043,126,0.66766202829226
ITL35__689331593_stage_1_seed_2_hof_0,ITL35,108,0.63321284482423,134,0.632711547829238
ITL35__701072592_stage_1_seed_1_hof_0,ITL35,111,0.678620354782663,203,0.676553914824383
ITL35__701072592_stage_1_seed_2_hof_0,ITL35,119,0.524475862872529,210,0.540739557427896
ITL35__712887031_stage_1_seed_1_hof_0,ITL35,112,0.491659154563518,36,0.363321654494966
ITL35__712887031_stage_1_seed_2_hof_0,ITL35,87,0.648751652797096,135,0.675013817033954
ITL35__737293981_stage_1_seed_1_hof_0,ITL35,20,0.398476759506844,102,0.520136350389797
ITL35__750843552_stage_1_seed_1_hof_0,ITL35,252,0.53466594309702,207,0.545200365212278
ITL35__750843552_stage_1_seed_2_hof_0,ITL35,155,0.71426306016691,117,0.715201643566969
ITL35__758312441_stage_1_seed_1_hof_0,ITL35,87,0.483698914506021,207,0.523533989021146
ITL35__758312441_stage_1_seed_2_hof_0,ITL35,227,0.674007878946441,326,0.70158473913485
ITL35__768904007_stage_1_seed_1_hof_0,ITL35,83,0.678048513392278,155,0.694799432647248
ITL35__768904007_stage_1_seed_2_hof_0,ITL35,223,0.67898188491124,61,0.28695762247899
ITL35__770255008_stage_1_seed_1_hof_0,ITL35,160,0.723709293159337,167,0.723460910923892
ITL35__770255008_stage_1_seed_2_hof_0,ITL35,11,0.241557613447747,162,0.725597531320517
ITL35__774421995_stage_1_seed_1_hof_0,ITL35,168,0.706605084240051,41,0.551632573827783
ITL35__774421995_stage_1_seed_2_hof_0,ITL35,177,0.718551329222858,41,0.5216684061376
ITL35__783629881_stage_1_seed_1_hof_0,ITL35,188,0.653979561553132,195,0.661088327919637
ITL35__783629881_stage_1_seed_2_hof_0,ITL35,86,0.569407817897665,185,0.601413333468083
ITL35__793647709_stage_1_seed_1_hof_0,ITL35,102,0.24513620595573,35,0.152702172142554
ITL35__793647709_stage_1_seed_2_hof_0,ITL35,77,0.5365145584196,32,0.41287648661548
ITL35__794276683_stage_1_seed_1_hof_0,ITL35,200,0.715576247949795,157,0.700034210008494
ITL35__794276683_stage_1_seed_2_hof_0,ITL35,85,0.699691938000343,108,0.690982990192429
ITL35__797978191_stage_1_seed_1_hof_0,ITL35,103,0.465671566162777,32,0.220835440369845
ITL35__797978191_stage_1_seed_2_hof_0,ITL35,107,0.462125600673652,29,0.0131979272709436
ITL35__811814337_stage_1_seed_2_hof_0,ITL35,154,0.701100608821466,162,0.702813255898118
ITL35__811912202_stage_1_seed_1_hof_0,ITL35,90,0.679915043636472,156,0.691982553901386
ITL35__811912202_stage_1_seed_2_hof_0,ITL35,138,0.695714960446548,157,0.692221641601438
ITL35__811950289_stage_1_seed_1_hof_0,ITL35,62,0.630308146981742,11,0.348796049561926
ITL35__811950289_stage_1_seed_2_hof_0,ITL35,160,0.677427459162944,185,0.678547103687261
ITL35__811963128_stage_1_seed_1_hof_0,ITL35,107,0.684290696170729,11,0.419200763475256
ITL35__811963128_stage_1_seed_2_hof_0,ITL35,108,0.685928927386693,172,0.704171704826025
ITL35__811989435_stage_1_seed_1_hof_0,ITL35,67,0.534123421799461,173,0.598508433212756
ITL35__811989435_stage_1_seed_2_hof_0,ITL35,168,0.655065903907207,177,0.665392448025864
ITL35__832515726_stage_1_seed_1_hof_0,ITL35,185,0.723638150988887,84,0.628380779532202
ITL35__832515726_stage_1_seed_2_hof_0,ITL35,167,0.704999921706183,16,0.34791177162835
ITL35__832526715_stage_1_seed_1_hof_0,ITL35,39,0.681195708313428,65,0.707140998001995
ITL35__832526715_stage_1_seed_2_hof_0,ITL35,84,0.658398904837848,12,0.297802553957712
ITL35__832627767_stage_1_seed_2_hof_0,ITL35,149,0.662699489711933,65,0.522994655202951
ITL35__835667511_stage_1_seed_1_hof_0,ITL35,146,0.666575980945001,134,0.667031222638184
ITL35__835667511_stage_1_seed_2_hof_0,ITL35,122,0.670952021189201,127,0.679800872013386
ITL35__840047288_stage_1_seed_1_hof_0,ITL35,128,0.498078197390141,185,0.531970546969877
ITL35__840047288_stage_1_seed_2_hof_0,ITL35,146,0.717288583113192,35,0.443465015515269
ITL35__852955642_stage_1_seed_1_hof_0,ITL35,129,0.6508602682888,158,0.643475727186815
ITL35__852955642_stage_1_seed_2_hof_0,ITL35,71,0.6648102578113,108,0.666066596662456
ITL35__857541842_stage_1_seed_1_hof_0,ITL35,102,0.552160874997117,160,0.596966517210167
ITL35__857541842_stage_1_seed_2_hof_0,ITL35,177,0.562271498236478,139,0.55304998489725
ITL35__857558720_stage_1_seed_1_hof_0,ITL35,128,0.669350864125591,142,0.677378659836053
ITL35__857558720_stage_1_seed_2_hof_0,ITL35,126,0.690263373972043,11,0.676748575420244
ITL35__868182038_stage_1_seed_1_hof_0,ITL35,149,0.56266436396792,132,0.574350984946774
ITL35__868182038_stage_1_seed_2_hof_0,ITL35,88,0.495777719285752,149,0.499508084236625
ITL35__868226529_stage_1_seed_2_hof_0,ITL35,45,0.54722582990441,66,0.534935203930679
ITL35__880961835_stage_1_seed_1_hof_0,ITL35,39,0.583817972503015,80,0.593567397525882
ITL35__880961835_stage_1_seed_2_hof_0,ITL35,39,0.676015172566454,79,0.687883740678627
ITL35__880987037_stage_1_seed_1_hof_0,ITL35,124,0.394828599368121,33,0.236732779597868
ITL35__889779159_stage_1_seed_1_hof_0,ITL35,164,0.630453192944285,64,0.491426712226283
ITL35__889779159_stage_1_seed_2_hof_0,ITL35,108,0.722034697116897,64,0.62253543123959
ITL35__902446347_stage_1_seed_1_hof_0,ITL35,122,0.64911471644078,126,0.658900227477741
ITL35__902446347_stage_1_seed_2_hof_0,ITL35,86,0.529486680803839,204,0.592470982230773
ITL35__902475622_stage_1_seed_1_hof_0,ITL35,184,0.654397487900939,179,0.636890540679911
ITL35__902475622_stage_1_seed_2_hof_0,ITL35,64,0.618883128108379,159,0.655852278765623
ITL35__902475774_stage_1_seed_1_hof_0,ITL35,113,0.649313872894333,124,0.655922597134679
ITL35__902475774_stage_1_seed_2_hof_0,ITL35,125,0.57799407379984,89,0.564463995477188
ITL35__902534917_stage_1_seed_1_hof_0,ITL35,42,0.660679909068985,66,0.645817328647274
ITL35__902534917_stage_1_seed_2_hof_0,ITL35,42,0.664580812733864,69,0.640710154301466
ITL35__911084481_stage_1_seed_1_hof_0,ITL35,145,0.649858069678291,197,0.660100023778552
ITL35__911084481_stage_1_seed_2_hof_0,ITL35,132,0.683797653241711,156,0.692357863248503
ITL35__911111047_stage_1_seed_2_hof_0,ITL35,53,0.472676661496351,32,0.246146119226637
ITL35__911155494_stage_1_seed_1_hof_0,ITL35,88,0.701788546077536,158,0.715359383738507
ITL35__911155494_stage_1_seed_2_hof_0,ITL35,81,0.69364500702451,158,0.700587437115232
ITL46__1001462085_stage_1_seed_1_hof_0,ITL46,151,0.732584022629659,113,0.74173931027937
ITL46__1001462085_stage_1_seed_2_hof_0,ITL46,300,0.738940677928546,276,0.735934651972932
ITL46__1005032096_stage_1_seed_1_hof_0,ITL46,193,0.518628056338996,243,0.547818611716011
ITL46__1005032096_stage_1_seed_2_hof_0,ITL46,105,0.456524375352089,115,0.454937398295729
ITL46__650076115_stage_1_seed_1_hof_0,ITL46,155,0.467535347876107,175,0.486622427214784
ITL46__650076115_stage_1_seed_2_hof_0,ITL46,65,0.492045016701659,106,0.494428846999351
ITL46__689338841_stage_1_seed_1_hof_0,ITL46,113,0.558085485880867,153,0.572186229328051
ITL46__689338841_stage_1_seed_2_hof_0,ITL46,175,0.693025845191775,179,0.689470372724447
ITL46__695500665_stage_1_seed_1_hof_0,ITL46,44,0.595993221185433,177,0.67061285307999
ITL46__695500665_stage_1_seed_2_hof_0,ITL46,193,0.692193886230874,13,0.359375989885905
ITL46__695533933_stage_1_seed_1_hof_0,ITL46,203,0.72319854429248,30,0.324018708544402
ITL46__695533933_stage_1_seed_2_hof_0,ITL46,184,0.724614825394927,32,0.435236989489856
ITL46__695564858_stage_1_seed_1_hof_0,ITL46,162,0.711724514943515,201,0.717026862557206
ITL46__695564858_stage_1_seed_2_hof_0,ITL46,65,0.64069707569099,114,0.65137528519816
ITL46__751250580_stage_1_seed_1_hof_0,ITL46,91,0.720332171854353,183,0.734626591978882
ITL46__751250580_stage_1_seed_2_hof_0,ITL46,82,0.637394961867969,128,0.613153864495134
ITL46__811809232_stage_1_seed_1_hof_0,ITL46,107,0.610724485152424,106,0.645816598472605
ITL46__811809232_stage_1_seed_2_hof_0,ITL46,199,0.639301480835109,32,0.280625276401502
ITL46__832523835_stage_1_seed_1_hof_0,ITL46,178,0.693146836580288,108,0.705128068271143
ITL46__832523835_stage_1_seed_2_hof_0,ITL46,174,0.676343176645552,141,0.662099247279606
ITL46__832554358_stage_1_seed_1_hof_0,ITL46,92,0.690165566420125,115,0.705364564069031
ITL46__832554358_stage_1_seed_2_hof_0,ITL46,201,0.720989509654633,183,0.7122105915489
ITL46__832577255_stage_1_seed_1_hof_0,ITL46,154,0.384448310535908,142,0.389435941096301
ITL46__832577255_stage_1_seed_2_hof_0,ITL46,161,0.704749408465736,36,0.301610702872067
ITL46__832639358_stage_1_seed_1_hof_0,ITL46,75,0.615015652732723,122,0.6377091584016
ITL46__832639358_stage_1_seed_2_hof_0,ITL46,74,0.67931379065149,78,0.678325336773987
ITL46__840031638_stage_1_seed_1_hof_0,ITL46,40,0.550011526287843,150,0.606196118921486
ITL46__840031638_stage_1_seed_2_hof_0,ITL46,40,0.243759260351232,147,0.261149829152958
ITL46__852947311_stage_1_seed_1_hof_0,ITL46,76,0.589043599953941,93,0.572059578164241
ITL46__852947311_stage_1_seed_2_hof_0,ITL46,80,0.676844665485285,225,0.738428060170266
ITL46__857664466_stage_1_seed_1_hof_0,ITL46,40,0.470224783562798,183,0.525816871685124
ITL46__857664466_stage_1_seed_2_hof_0,ITL46,58,0.518532055091715,179,0.565392805373125
ITL46__868096876_stage_1_seed_1_hof_0,ITL46,107,0.57167926569899,147,0.578148974899618
ITL46__868096876_stage_1_seed_2_hof_0,ITL46,104,0.506247361970511,142,0.497182146155731
ITL46__868212204_stage_1_seed_1_hof_0,ITL46,83,0.723629656191835,95,0.720490665010355
ITL46__868212204_stage_1_seed_2_hof_0,ITL46,87,0.550976282474526,103,0.544097784826861
ITL46__868243768_stage_1_seed_1_hof_0,ITL46,127,0.466275098860527,152,0.44354057252883
ITL46__868243768_stage_1_seed_2_hof_0,ITL46,128,0.464197028477671,152,0.436169266802182
ITL46__889767432_stage_1_seed_1_hof_0,ITL46,148,0.484507732236245,38,0.2705565186798
ITL46__889767432_stage_1_seed_2_hof_0,ITL46,225,0.738671486335642,226,0.734772872994512
ITL46__902436175_stage_1_seed_1_hof_0,ITL46,78,0.545090502394354,109,0.588325419116906
ITL46__902436175_stage_1_seed_2_hof_0,ITL46,174,0.478923117598752,105,0.485203116847503
ITL46__902531223_stage_1_seed_1_hof_0,ITL46,177,0.66815196888531,199,0.654460132455933
ITL46__902531223_stage_1_seed_2_hof_0,ITL46,134,0.521237311462009,175,0.512399837245165
ITL46__911030210_stage_1_seed_1_hof_0,ITL46,106,0.682007504632622,135,0.685949582452153
ITL46__911030210_stage_1_seed_2_hof_0,ITL46,99,0.693298541085634,90,0.686305242398515
ITL46__911076688_stage_1_seed_1_hof_0,ITL46,104,0.449346806009426,125,0.455091794663569
ITL46__911076688_stage_1_seed_2_hof_0,ITL46,108,0.493826679697803,132,0.500662269346633
LAMP5PAX6Other__1001422905_stage_1_seed_1_hof_0,LAMP5PAX6Other,42,0.465606708271796,NaN,NaN
LAMP5PAX6Other__1001422905_stage_1_seed_2_hof_0,LAMP5PAX6Other,43,0.432216517191287,NaN,NaN
LAMP5PAX6Other__1001425139_stage_1_seed_1_hof_0,LAMP5PAX6Other,39,0.476129328779651,NaN,NaN
LAMP5PAX6Other__1001425139_stage_1_seed_2_hof_0,LAMP5PAX6Other,39,0.546627215155911,NaN,NaN
LAMP5PAX6Other__1001478009_stage_1_seed_1_hof_0,LAMP5PAX6Other,56,0.437949723867026,NaN,NaN
LAMP5PAX6Other__1001478009_stage_1_seed_2_hof_0,LAMP5PAX6Other,58,0.43821964986708,NaN,NaN
LAMP5PAX6Other__1001483877_stage_1_seed_1_hof_0,LAMP5PAX6Other,35,0.381160596706324,NaN,NaN
LAMP5PAX6Other__1001483877_stage_1_seed_2_hof_0,LAMP5PAX6Other,35,0.218370993751275,NaN,NaN
LAMP5PAX6Other__1005083233_stage_1_seed_1_hof_0,LAMP5PAX6Other,37,0.422265416147335,NaN,NaN
LAMP5PAX6Other__1005083233_stage_1_seed_2_hof_0,LAMP5PAX6Other,39,0.586919167748596,NaN,NaN
LAMP5PAX6Other__1005097706_stage_1_seed_1_hof_0,LAMP5PAX6Other,35,0.51183694414676,NaN,NaN
LAMP5PAX6Other__1005116394_stage_1_seed_1_hof_0,LAMP5PAX6Other,43,0.418744491050561,NaN,NaN
LAMP5PAX6Other__1005116394_stage_1_seed_2_hof_0,LAMP5PAX6Other,36,0.415670423525814,NaN,NaN
LAMP5PAX6Other__653810044_stage_1_seed_1_hof_0,LAMP5PAX6Other,38,0.46282681235129,NaN,NaN
LAMP5PAX6Other__653810044_stage_1_seed_2_hof_0,LAMP5PAX6Other,46,0.393594939120075,NaN,NaN
LAMP5PAX6Other__689319155_stage_1_seed_1_hof_0,LAMP5PAX6Other,101,0.560827570633916,NaN,NaN
LAMP5PAX6Other__689319155_stage_1_seed_2_hof_0,LAMP5PAX6Other,98,0.541567190693728,NaN,NaN
LAMP5PAX6Other__707795387_stage_1_seed_1_hof_0,LAMP5PAX6Other,69,0.412130795175274,NaN,NaN
LAMP5PAX6Other__721688585_stage_1_seed_1_hof_0,LAMP5PAX6Other,46,0.525881451678911,NaN,NaN
LAMP5PAX6Other__721688585_stage_1_seed_2_hof_0,LAMP5PAX6Other,69,0.469744424617292,NaN,NaN
LAMP5PAX6Other__737549661_stage_1_seed_1_hof_0,LAMP5PAX6Other,39,0.356964800483899,NaN,NaN
LAMP5PAX6Other__738006528_stage_1_seed_1_hof_0,LAMP5PAX6Other,120,0.665196678993575,NaN,NaN
LAMP5PAX6Other__738006528_stage_1_seed_2_hof_0,LAMP5PAX6Other,67,0.598311076217244,NaN,NaN
LAMP5PAX6Other__766984328_stage_1_seed_2_hof_0,LAMP5PAX6Other,44,0.44732334236449,NaN,NaN
LAMP5PAX6Other__767084655_stage_1_seed_1_hof_0,LAMP5PAX6Other,85,0.416397672355546,NaN,NaN
LAMP5PAX6Other__767084655_stage_1_seed_2_hof_0,LAMP5PAX6Other,63,0.372495776527478,NaN,NaN
LAMP5PAX6Other__770559860_stage_1_seed_1_hof_0,LAMP5PAX6Other,158,0.368412366555119,NaN,NaN
LAMP5PAX6Other__770559860_stage_1_seed_2_hof_0,LAMP5PAX6Other,82,0.370769391853625,NaN,NaN
LAMP5PAX6Other__811822915_stage_1_seed_1_hof_0,LAMP5PAX6Other,37,0.43843276639361,NaN,NaN
LAMP5PAX6Other__811822915_stage_1_seed_2_hof_0,LAMP5PAX6Other,40,0.400306015970324,NaN,NaN
LAMP5PAX6Other__811932153_stage_1_seed_1_hof_0,LAMP5PAX6Other,35,0.51109027419667,NaN,NaN
LAMP5PAX6Other__811932153_stage_1_seed_2_hof_0,LAMP5PAX6Other,85,0.367211781321388,NaN,NaN
LAMP5PAX6Other__811953283_stage_1_seed_1_hof_0,LAMP5PAX6Other,57,0.42078206071133,NaN,NaN
LAMP5PAX6Other__811953283_stage_1_seed_2_hof_0,LAMP5PAX6Other,39,0.610510621398469,NaN,NaN
LAMP5PAX6Other__832565636_stage_1_seed_1_hof_0,LAMP5PAX6Other,75,0.444408281692985,NaN,NaN
LAMP5PAX6Other__832565636_stage_1_seed_2_hof_0,LAMP5PAX6Other,74,0.385362878852372,NaN,NaN
LAMP5PAX6Other__832614788_stage_1_seed_1_hof_0,LAMP5PAX6Other,74,0.574731098600766,NaN,NaN
LAMP5PAX6Other__832614788_stage_1_seed_2_hof_0,LAMP5PAX6Other,86,0.452804945718204,NaN,NaN
LAMP5PAX6Other__835572687_stage_1_seed_2_hof_0,LAMP5PAX6Other,37,0.415334916278928,NaN,NaN
LAMP5PAX6Other__835596750_stage_1_seed_1_hof_0,LAMP5PAX6Other,37,0.63133918616947,NaN,NaN
LAMP5PAX6Other__835596750_stage_1_seed_2_hof_0,LAMP5PAX6Other,39,0.503416478436374,NaN,NaN
LAMP5PAX6Other__835611255_stage_1_seed_1_hof_0,LAMP5PAX6Other,34,0.526200882888932,NaN,NaN
LAMP5PAX6Other__835611255_stage_1_seed_2_hof_0,LAMP5PAX6Other,33,0.573852118870916,NaN,NaN
LAMP5PAX6Other__835631800_stage_1_seed_2_hof_0,LAMP5PAX6Other,31,0.509253914268568,NaN,NaN
LAMP5PAX6Other__835648767_stage_1_seed_1_hof_0,LAMP5PAX6Other,31,0.334408855825513,NaN,NaN
LAMP5PAX6Other__835648767_stage_1_seed_2_hof_0,LAMP5PAX6Other,31,0.344177752615489,NaN,NaN
LAMP5PAX6Other__835857228_stage_1_seed_2_hof_0,LAMP5PAX6Other,35,0.593973355348507,NaN,NaN
LAMP5PAX6Other__835859530_stage_1_seed_1_hof_0,LAMP5PAX6Other,35,0.41900211064137,NaN,NaN
LAMP5PAX6Other__835859530_stage_1_seed_2_hof_0,LAMP5PAX6Other,37,0.370487484837376,NaN,NaN
LAMP5PAX6Other__839923944_stage_1_seed_1_hof_0,LAMP5PAX6Other,37,0.359880745899085,NaN,NaN
LAMP5PAX6Other__839923944_stage_1_seed_2_hof_0,LAMP5PAX6Other,37,0.407704846029704,NaN,NaN
LAMP5PAX6Other__839970928_stage_1_seed_1_hof_0,LAMP5PAX6Other,85,0.386139434459057,NaN,NaN
LAMP5PAX6Other__840043506_stage_1_seed_1_hof_0,LAMP5PAX6Other,74,0.501985013800248,NaN,NaN
LAMP5PAX6Other__840043506_stage_1_seed_2_hof_0,LAMP5PAX6Other,69,0.393608799263361,NaN,NaN
LAMP5PAX6Other__840062001_stage_1_seed_2_hof_0,LAMP5PAX6Other,39,0.484338230648575,NaN,NaN
LAMP5PAX6Other__840142358_stage_1_seed_2_hof_0,LAMP5PAX6Other,43,0.604849837675403,NaN,NaN
LAMP5PAX6Other__852671126_stage_1_seed_1_hof_0,LAMP5PAX6Other,38,0.672388025801419,NaN,NaN
LAMP5PAX6Other__852671126_stage_1_seed_2_hof_0,LAMP5PAX6Other,36,0.562343430810886,NaN,NaN
LAMP5PAX6Other__854528751_stage_1_seed_1_hof_0,LAMP5PAX6Other,42,0.447204895295051,NaN,NaN
LAMP5PAX6Other__854528751_stage_1_seed_2_hof_0,LAMP5PAX6Other,39,0.416452357418256,NaN,NaN
LAMP5PAX6Other__854543457_stage_1_seed_2_hof_0,LAMP5PAX6Other,39,0.35256940423348,NaN,NaN
LAMP5PAX6Other__854622053_stage_1_seed_1_hof_0,LAMP5PAX6Other,39,0.345992874241759,NaN,NaN
LAMP5PAX6Other__854622053_stage_1_seed_2_hof_0,LAMP5PAX6Other,38,0.429376455764353,NaN,NaN
LAMP5PAX6Other__854629312_stage_1_seed_1_hof_0,LAMP5PAX6Other,38,0.425709901309355,NaN,NaN
LAMP5PAX6Other__854629312_stage_1_seed_2_hof_0,LAMP5PAX6Other,37,0.444154137120588,NaN,NaN
LAMP5PAX6Other__868240930_stage_1_seed_1_hof_0,LAMP5PAX6Other,41,0.286420670071453,NaN,NaN
LAMP5PAX6Other__868240930_stage_1_seed_2_hof_0,LAMP5PAX6Other,43,0.283635206660271,NaN,NaN
LAMP5PAX6Other__880238289_stage_1_seed_1_hof_0,LAMP5PAX6Other,36,0.442691249349753,NaN,NaN
LAMP5PAX6Other__880238289_stage_1_seed_2_hof_0,LAMP5PAX6Other,36,0.514306098319789,NaN,NaN
LAMP5PAX6Other__880352738_stage_1_seed_1_hof_0,LAMP5PAX6Other,43,0.44086949640123,NaN,NaN
LAMP5PAX6Other__880352738_stage_1_seed_2_hof_0,LAMP5PAX6Other,38,0.404481751177238,NaN,NaN
LAMP5PAX6Other__880462484_stage_1_seed_1_hof_0,LAMP5PAX6Other,39,0.505348486740778,NaN,NaN
LAMP5PAX6Other__880462484_stage_1_seed_2_hof_0,LAMP5PAX6Other,36,0.443286446272692,NaN,NaN
LAMP5PAX6Other__902487067_stage_1_seed_1_hof_0,LAMP5PAX6Other,34,0.382974981179266,NaN,NaN
LAMP5PAX6Other__902487067_stage_1_seed_2_hof_0,LAMP5PAX6Other,34,0.39782069241599,NaN,NaN
LAMP5PAX6Other__902498859_stage_1_seed_1_hof_0,LAMP5PAX6Other,30,0.640873726962176,NaN,NaN
LAMP5PAX6Other__902498859_stage_1_seed_2_hof_0,LAMP5PAX6Other,30,0.578988929090432,NaN,NaN
LAMP5PAX6Other__902511379_stage_1_seed_1_hof_0,LAMP5PAX6Other,90,0.407824782784542,NaN,NaN
LAMP5PAX6Other__902511379_stage_1_seed_2_hof_0,LAMP5PAX6Other,72,0.405331826687781,NaN,NaN
LAMP5PAX6Other__911052828_stage_1_seed_2_hof_0,LAMP5PAX6Other,34,0.387107339350591,NaN,NaN
PVALB__643397120_stage_1_seed_1_hof_0,PVALB,70,0.314942942590799,NaN,NaN
PVALB__643397120_stage_1_seed_2_hof_0,PVALB,38,0.419589556522587,NaN,NaN
PVALB__656933853_stage_1_seed_1_hof_0,PVALB,67,0.588821198046119,NaN,NaN
PVALB__656933853_stage_1_seed_2_hof_0,PVALB,45,0.721244638031164,NaN,NaN
PVALB__685790763_stage_1_seed_2_hof_0,PVALB,41,0.388036059891401,NaN,NaN
PVALB__685821059_stage_1_seed_1_hof_0,PVALB,74,0.592801138986326,NaN,NaN
PVALB__685821059_stage_1_seed_2_hof_0,PVALB,71,0.47928755322385,NaN,NaN
PVALB__689331391_stage_1_seed_1_hof_0,PVALB,71,0.531749873708314,NaN,NaN
PVALB__689331391_stage_1_seed_2_hof_0,PVALB,69,0.534770970672997,NaN,NaN
PVALB__689360084_stage_1_seed_1_hof_0,PVALB,46,0.389355766626674,NaN,NaN
PVALB__689360084_stage_1_seed_2_hof_0,PVALB,43,0.432411782799593,NaN,NaN
PVALB__695505884_stage_1_seed_1_hof_0,PVALB,30,0.451196067907304,NaN,NaN
PVALB__695574463_stage_1_seed_1_hof_0,PVALB,49,0.522723963554643,NaN,NaN
PVALB__701072075_stage_1_seed_2_hof_0,PVALB,33,0.677672021068196,NaN,NaN
PVALB__720835661_stage_1_seed_1_hof_0,PVALB,82,0.416927235589921,NaN,NaN
PVALB__720835661_stage_1_seed_2_hof_0,PVALB,89,0.485007456604904,NaN,NaN
PVALB__732058780_stage_1_seed_1_hof_0,PVALB,85,0.520715103992256,NaN,NaN
PVALB__732105067_stage_1_seed_1_hof_0,PVALB,55,0.627548831511601,NaN,NaN
PVALB__732105067_stage_1_seed_2_hof_0,PVALB,60,0.677315571150671,NaN,NaN
PVALB__758308097_stage_1_seed_1_hof_0,PVALB,35,0.604889764152675,NaN,NaN
PVALB__758308097_stage_1_seed_2_hof_0,PVALB,63,0.507010142668361,NaN,NaN
PVALB__766789211_stage_1_seed_1_hof_0,PVALB,73,0.459261147919345,NaN,NaN
PVALB__766789211_stage_1_seed_2_hof_0,PVALB,75,0.454845828174101,NaN,NaN
PVALB__767801031_stage_1_seed_1_hof_0,PVALB,63,0.50707333222804,NaN,NaN
PVALB__767801031_stage_1_seed_2_hof_0,PVALB,64,0.448868235900616,NaN,NaN
PVALB__770622754_stage_1_seed_1_hof_0,PVALB,46,0.7264613412972,NaN,NaN
PVALB__770622754_stage_1_seed_2_hof_0,PVALB,43,0.72975441627595,NaN,NaN
PVALB__786447528_stage_1_seed_1_hof_0,PVALB,39,0.732290300043476,NaN,NaN
PVALB__786447528_stage_1_seed_2_hof_0,PVALB,57,0.639654646700763,NaN,NaN
PVALB__805772880_stage_1_seed_1_hof_0,PVALB,73,0.75404155463064,NaN,NaN
PVALB__805772880_stage_1_seed_2_hof_0,PVALB,52,0.705335988564077,NaN,NaN
PVALB__811984547_stage_1_seed_1_hof_0,PVALB,40,0.675298407353839,NaN,NaN
PVALB__811984547_stage_1_seed_2_hof_0,PVALB,47,0.639408773269948,NaN,NaN
PVALB__835674226_stage_1_seed_1_hof_0,PVALB,42,0.393618943268958,NaN,NaN
PVALB__835674226_stage_1_seed_2_hof_0,PVALB,60,0.563929175490133,NaN,NaN
SST__689306781_stage_1_seed_1_hof_0,SST,105,0.631424991421092,NaN,NaN
SST__689306781_stage_1_seed_2_hof_0,SST,71,0.539022591947693,NaN,NaN
SST__720881002_stage_1_seed_1_hof_0,SST,67,0.338732275536969,NaN,NaN
SST__720881002_stage_1_seed_2_hof_0,SST,55,0.353892510556064,NaN,NaN
SST__737553506_stage_1_seed_1_hof_0,SST,69,0.659041841666882,NaN,NaN
SST__737553506_stage_1_seed_2_hof_0,SST,57,0.715226412571045,NaN,NaN
SST__737792547_stage_1_seed_1_hof_0,SST,58,0.602134206585826,NaN,NaN
SST__737792547_stage_1_seed_2_hof_0,SST,46,0.558772420066041,NaN,NaN
SST__758996755_stage_1_seed_1_hof_0,SST,99,0.543686518054495,NaN,NaN
SST__758996755_stage_1_seed_2_hof_0,SST,103,0.401003435517837,NaN,NaN
SST__766791643_stage_1_seed_1_hof_0,SST,114,0.54812667806963,NaN,NaN
SST__766791643_stage_1_seed_2_hof_0,SST,69,0.615879509481295,NaN,NaN
SST__868145983_stage_1_seed_1_hof_0,SST,84,0.342201303864227,NaN,NaN
SST__868145983_stage_1_seed_2_hof_0,SST,84,0.494636504642572,NaN,NaN
VIP__650077366_stage_1_seed_1_hof_0,VIP,80,0.493877326183282,NaN,NaN
VIP__650077366_stage_1_seed_2_hof_0,VIP,91,0.512465605396082,NaN,NaN
VIP__685766680_stage_1_seed_1_hof_0,VIP,81,0.5022388176899,NaN,NaN
VIP__685766680_stage_1_seed_2_hof_0,VIP,51,0.441117174556305,NaN,NaN
VIP__685780246_stage_1_seed_1_hof_0,VIP,77,0.52051470383946,NaN,NaN
VIP__685780246_stage_1_seed_2_hof_0,VIP,39,0.460870458136432,NaN,NaN
VIP__685806972_stage_1_seed_1_hof_0,VIP,71,0.478053697041505,NaN,NaN
VIP__685806972_stage_1_seed_2_hof_0,VIP,48,0.446398401594888,NaN,NaN
VIP__700801541_stage_1_seed_1_hof_0,VIP,45,0.531786772662119,NaN,NaN
VIP__700801541_stage_1_seed_2_hof_0,VIP,61,0.469217435640464,NaN,NaN
VIP__732115399_stage_1_seed_1_hof_0,VIP,62,0.471211859556477,NaN,NaN
VIP__732115399_stage_1_seed_2_hof_0,VIP,68,0.501707006442013,NaN,NaN
VIP__732127116_stage_1_seed_1_hof_0,VIP,79,0.627745070850887,NaN,NaN
VIP__732127116_stage_1_seed_2_hof_0,VIP,77,0.578187857825047,NaN,NaN
VIP__732141043_stage_1_seed_1_hof_0,VIP,71,0.586392396271389,NaN,NaN
VIP__732141043_stage_1_seed_2_hof_0,VIP,42,0.640271713921875,NaN,NaN
VIP__732141075_stage_1_seed_1_hof_0,VIP,80,0.703758160846609,NaN,NaN
VIP__732141075_stage_1_seed_2_hof_0,VIP,100,0.604433208500194,NaN,NaN
VIP__737549021_stage_1_seed_1_hof_0,VIP,86,0.532092848412045,NaN,NaN
VIP__737549021_stage_1_seed_2_hof_0,VIP,124,0.451973285521569,NaN,NaN
VIP__758286002_stage_1_seed_2_hof_0,VIP,38,0.457599815866912,NaN,NaN
VIP__766791358_stage_1_seed_1_hof_0,VIP,29,0.380469408662142,NaN,NaN
VIP__766791358_stage_1_seed_2_hof_0,VIP,29,0.42901548227924,NaN,NaN
VIP__783622479_stage_1_seed_1_hof_0,VIP,38,0.47287464876883,NaN,NaN
VIP__783622479_stage_1_seed_2_hof_0,VIP,43,0.437437685642747,NaN,NaN
VIP__793395012_stage_1_seed_1_hof_0,VIP,56,0.429973403126122,NaN,NaN
VIP__793395012_stage_1_seed_2_hof_0,VIP,88,0.392886489283162,NaN,NaN
VIP__812033452_stage_1_seed_2_hof_0,VIP,35,0.595750657405146,NaN,NaN
VIP__880167933_stage_1_seed_1_hof_0,VIP,90,0.344862787690021,NaN,NaN
VIP__880167933_stage_1_seed_2_hof_0,VIP,79,0.423578045844563,NaN,NaN
VIP__880991732_stage_1_seed_1_hof_0,VIP,61,0.522281739858393,NaN,NaN
