cell_name,cell_type,1250,1562,1953,2441,3052,3815,4768,5960,7451,9312,11640,14550,18188,22735,28419,35523,44304,55400,69250,86562,108203,135254,168442,200000
ITL23__541549258_stage_1_seed_2_hof_0,ITL23,NaN,NaN,NaN,NaN,NaN,NaN,NaN,NaN,2.4375,2.75,3,3.4375,3.875,4.3125,5,5.5,6.4375,7.4375,8.375,9.75,10.75,12.3125,13.9375,15.125
ITL23__541557114_stage_1_seed_1_hof_0,ITL23,7.8125,8.375,8.8125,9.5,10.0625,10.8125,11.6875,12.5625,13.75,15.1875,16.9375,19,21.0625,23.25,25.9375,29.1875,32.625,36.3125,40.3125,45.1875,50,55.75,61.6875,67.375
ITL23__541557114_stage_1_seed_2_hof_0,ITL23,51.5,60.1875,70.125,79.5,88.4375,97.625,106.8125,116.3125,126.5625,137.25,148.75,160.9375,173.8125,187.3125,201.9375,218.25,236.125,257.375,NaN,NaN,NaN,NaN,NaN,NaN
ITL23__569835804_stage_1_seed_1_hof_0,ITL23,4.625,5.625,6.5,7,7.875,8.625,9.4375,10.375,11.25,12.1875,13.125,14.125,15.25,16.5,17.5625,18.75,20.0625,21.4375,22.8125,24.25,25.5,27.1875,28.375,29.5
ITL23__569835804_stage_1_seed_2_hof_0,ITL23,8.5,9.75,10.8125,12,13.125,14.0625,15.125,16.1875,17.3125,18.375,19.5625,20.75,21.9375,22.75,23.9375,25.1875,26.5,27.8125,29.0625,30.3125,31.5,32.6875,34.0625,35.0625
ITL23__569860121_stage_1_seed_1_hof_0,ITL23,NaN,NaN,NaN,NaN,NaN,2.75,4.6875,6.375,8.75,11.125,13.75,16.6875,19.6875,22.3125,24.75,27.75,30.4375,33.375,36.4375,39.5625,42.75,45.6875,48.6875,50.6875
ITL23__569860121_stage_1_seed_2_hof_0,ITL23,NaN,NaN,NaN,NaN,2.5,5.25,10.8125,19.625,30.75,47.875,62.4375,80.4375,103.4375,120.8125,142.5625,163.625,185.875,203.5625,NaN,NaN,NaN,NaN,NaN,NaN
ITL23__571732727_stage_1_seed_1_hof_0,ITL23,13.125,13.625,14.125,14.8125,15.4375,16.1875,16.9375,17.75,18.5,19.3125,20.1875,21,22,22.75,23.6875,24.4375,25.25,26.125,27,27.75,28.6875,30,31.3125,32.875
ITL23__571732727_stage_1_seed_2_hof_0,ITL23,12.75,13.5,14.125,14.9375,15.5625,16.5,17.5,18.4375,19.5625,20.6875,22.125,23.75,25.5625,27.625,29.75,32.375,34.9375,37.875,41.0625,44.375,47.75,50.6875,54.25,57.1875
ITL23__576110753_stage_1_seed_1_hof_0,ITL23,6.0625,17.25,46.875,70.375,89.375,106.125,122.4375,137.25,152.625,168.25,184.3125,202.75,223.5625,NaN,NaN,NaN,NaN,NaN,NaN,NaN,NaN,NaN,NaN,NaN
ITL23__576110753_stage_1_seed_2_hof_0,ITL23,2.625,2.8125,3.0625,3.3125,3.5625,3.9375,4.1875,4.5,4.8125,5.25,5.8125,6.5,7.1875,8.125,9.375,10.9375,13.3125,18,32.5625,86.375,148.5625,195.1875,NaN,NaN
ITL23__576118161_stage_1_seed_1_hof_0,ITL23,71.5,76.9375,82.75,88.875,95,102.3125,112.75,126.4375,140.8125,155.6875,171.0625,187,203.9375,222.75,244.125,NaN,NaN,NaN,NaN,NaN,NaN,NaN,NaN,NaN
ITL23__576118161_stage_1_seed_2_hof_0,ITL23,68.5,78.6875,89.0625,99.4375,108.875,118.6875,128.9375,139.1875,150.5625,162,174,187,200.9375,216.6875,234.8125,NaN,NaN,NaN,NaN,NaN,NaN,NaN,NaN,NaN
ITL23__595572609_stage_1_seed_1_hof_0,ITL23,3.9375,4.1875,4.875,5.4375,6.625,8.3125,10.3125,12.375,14.5,16.125,18.125,19.8125,21.5625,23,24.5625,26.125,27.25,28.5,29.5,30.4375,31.1875,31.9375,32.4375,33.0625
ITL23__595572609_stage_1_seed_2_hof_0,ITL23,5.5,6.125,6.6875,7.25,8.0625,8.75,9.5625,10.4375,11.3125,12.4375,13.5,14.6875,16.0625,17.625,19.3125,21.125,23.3125,25.25,27.5625,30.6875,34,37.625,41.5625,45.0625
ITL23__595583062_stage_1_seed_1_hof_0,ITL23,32.375,36.75,41.0625,45.8125,49.875,54.25,59.25,64.0625,69.125,74.1875,79.25,84.5,90.1875,95,100.1875,105.0625,109.9375,114.5,119.3125,123.75,128.0625,132.8125,138.0625,142.5625
ITL23__595583062_stage_1_seed_2_hof_0,ITL23,26.4375,30.3125,34.5625,38.375,42.4375,46.3125,50.625,54.9375,58.375,63,67.5,72.375,77.1875,82.1875,87.75,92.6875,98.375,103.5,108.5,113.875,118.8125,124,129.25,133.625
ITL23__596898838_stage_1_seed_2_hof_0,ITL23,3.6875,4,4.3125,4.75,5.0625,5.375,5.75,6.125,6.5,6.875,7.1875,7.625,8,8.3125,8.6875,9.125,9.625,10,10.4375,10.9375,11.4375,11.8125,12.3125,12.625
ITL23__602165685_stage_1_seed_1_hof_0,ITL23,15.5625,16.75,18,19.5,20.8125,22.125,23.8125,25.375,27.25,29.0625,31,33.125,35.3125,37.5,40.125,42.75,45.5,48.625,51.8125,55.5,59.9375,64.6875,69.875,75.75
ITL23__602165685_stage_1_seed_2_hof_0,ITL23,19.3125,20.6875,21.9375,23.375,24.75,26.625,28.1875,29.75,31.5625,33.5,35.625,37.625,39.875,42.25,44.6875,47.1875,49.75,52.6875,55.5625,58.75,62,65.6875,69.4375,72.9375
ITL23__653804581_stage_1_seed_1_hof_0,ITL23,38.8125,49,58.9375,68.125,76.625,84.75,93.4375,100.9375,109.3125,117.6875,125.75,134,142.1875,150.25,158.625,166.875,175.1875,184.125,193.375,203.1875,214,225.375,239.0625,NaN
ITL23__653804581_stage_1_seed_2_hof_0,ITL23,12.9375,15.0625,17.125,19.3125,21.75,23.875,26.25,28.6875,31.125,33.75,36.625,39.4375,42.4375,45.5,49.1875,52.375,55.875,59.6875,63.625,67.75,72.0625,76.375,81.125,84.8125
ITL23__653854241_stage_1_seed_1_hof_0,ITL23,17.25,19.1875,21.125,22.9375,24.9375,27.375,29.4375,32,34.75,37.9375,41.625,45.3125,49.875,54.875,60.6875,67.125,74.25,83.375,93.25,106.1875,122.0625,139.375,NaN,NaN
ITL23__653854241_stage_1_seed_2_hof_0,ITL23,11.75,12.6875,13.8125,15,16.25,17.6875,19.25,20.75,22.625,24.625,27,29.625,32.6875,36.5625,41.1875,47.3125,56.5,73.0625,109.8125,157.8125,204.375,NaN,NaN,NaN
ITL23__654180841_stage_1_seed_1_hof_0,ITL23,11,11.875,12.75,13.625,14.6875,15.6875,16.8125,17.875,19.5,21.125,22.6875,24.6875,26.875,29.4375,31.75,34.5,37.0625,39.5625,42.6875,45.6875,48.625,52.1875,55.6875,58.4375
ITL23__654180841_stage_1_seed_2_hof_0,ITL23,72.875,80.8125,89.25,97.8125,106.4375,115.5625,125.125,135.3125,146.5625,158.0625,170.9375,184.8125,200.8125,NaN,NaN,NaN,NaN,NaN,NaN,NaN,NaN,NaN,NaN,NaN
ITL23__665713811_stage_1_seed_1_hof_0,ITL23,23.3125,25.25,28.125,31.3125,35.3125,39.4375,44.75,50.0625,56.5625,65.125,76.8125,92.8125,114,138.5625,162.1875,184.375,NaN,NaN,NaN,NaN,NaN,NaN,NaN,NaN
ITL23__665713811_stage_1_seed_2_hof_0,ITL23,28.375,32,35.6875,40,43.625,47.875,52.0625,56.8125,61.5,66.875,72.5,78.875,85.75,92.125,99.75,107.625,116.125,124.625,133.875,144.3125,156.0625,171.8125,192.75,NaN
ITL23__677088033_stage_1_seed_1_hof_0,ITL23,49.5,56.8125,64.4375,72.375,80.5625,88.875,97.1875,106.125,115.6875,125.8125,136.5625,147.9375,160.375,174.8125,190.75,210.0625,NaN,NaN,NaN,NaN,NaN,NaN,NaN,NaN
ITL23__677088033_stage_1_seed_2_hof_0,ITL23,19.0625,20.375,21.9375,23.1875,24.8125,26,28.3125,30.1875,32.625,34.5,37.625,40.8125,44.5625,48.9375,53.875,59.3125,66.75,73.625,81.1875,90.875,100.6875,111.5,124.0625,135.3125
ITL23__685806309_stage_1_seed_1_hof_0,ITL23,21.125,23.625,26.125,28.625,31,33.375,35.8125,38.25,41.125,44.25,47.8125,51.4375,55.8125,60.5,65.625,71.1875,77.4375,83.5,90.0625,96.1875,103.25,110.4375,117.375,123.5625
ITL23__685806309_stage_1_seed_2_hof_0,ITL23,34.1875,37.5625,41.1875,44.6875,48.1875,52.0625,55.75,59.625,63.125,66.9375,70.6875,74.5625,78.375,81.9375,85.5625,89.3125,92.5625,96.0625,99.1875,102.4375,105.9375,109.375,113,116.125
ITL23__685814252_stage_1_seed_1_hof_0,ITL23,32.25,35.75,39.25,42.625,46.25,50,53.8125,57.8125,62.3125,66.9375,71.75,77.25,82.625,88.5625,94.5625,100.9375,107.5625,114.5625,122,129.5,137.9375,146.5,156.4375,165.1875
ITL23__685814252_stage_1_seed_2_hof_0,ITL23,32.25,35.0625,38.125,40.875,44,47.0625,50.4375,53.75,57.25,60.875,65,68.9375,72.875,77.1875,81.5,86.0625,90.375,95.0625,99.75,104.375,109.4375,114.75,120.1875,125.6875
ITL23__689300528_stage_1_seed_1_hof_0,ITL23,33.625,36.5,39.625,42.75,45.9375,49.375,53,56.5625,60.4375,64.5,68.4375,72.0625,74.75,76.0625,78.625,NaN,NaN,NaN,NaN,NaN,NaN,NaN,NaN,NaN
ITL23__689300528_stage_1_seed_2_hof_0,ITL23,26.5,29.6875,33.25,36.3125,39.75,42.875,46.375,49.6875,53.3125,56.9375,60.6875,64.5,68.5,72.75,76.625,80.9375,84.8125,88.375,92.1875,96.25,100.5625,105,108.875,112.25
ITL23__689306818_stage_1_seed_1_hof_0,ITL23,19.1875,21.25,23.3125,25.4375,27.6875,30.125,32.6875,35.375,38.25,40.5625,43.8125,46.6875,49.6875,52.625,55.875,58.9375,62.25,65.5625,68.875,72.625,76.625,81.25,87.125,91.8125
ITL23__689306818_stage_1_seed_2_hof_0,ITL23,11.4375,12.125,13,13.875,14.9375,16.0625,17.3125,18.75,20.3125,22.3125,24.25,26.625,28.875,31.5,34.3125,37.5,40.75,43.9375,48.1875,53,58.875,66.5625,77.625,89.75
ITL23__689309060_stage_1_seed_1_hof_0,ITL23,26.5625,28.3125,29.9375,31.75,33.625,35.375,37.0625,39.0625,40.9375,42.9375,44.6875,46.5625,48.375,50.1875,51.75,53.4375,54.75,56.0625,57.3125,58.25,59.1875,60.125,61.125,62
ITL23__689309060_stage_1_seed_2_hof_0,ITL23,27.625,29.9375,32.375,34.875,37.6875,40.25,43.125,45.9375,49.1875,52.625,56,59.4375,63.0625,66.375,69.6875,73.75,77.4375,81.5,85.8125,90.875,96.75,103.75,112.625,121.0625
ITL23__689312221_stage_1_seed_1_hof_0,ITL23,28.0625,31.375,34.5,38.125,41.9375,45.5625,49,52.375,56.1875,60.0625,64,67.25,70.9375,71.8125,NaN,NaN,NaN,NaN,NaN,NaN,NaN,NaN,NaN,NaN
ITL23__689312221_stage_1_seed_2_hof_0,ITL23,36.6875,39.375,42.0625,44.6875,47.375,50.625,53.9375,57.625,61.6875,65.875,70.8125,76.375,82.5625,89.6875,97.8125,106.9375,117.8125,130,144.125,159.375,176.3125,194.6875,214.5,232.6875
ITL23__689323433_stage_1_seed_1_hof_0,ITL23,31.5625,34.4375,37.375,40.6875,43.625,47.1875,51.0625,55.25,59.6875,64.25,69.8125,74.9375,80.875,87.125,94.4375,101.75,109.4375,118.1875,127,137,148.4375,161.6875,176.5,191.0625
ITL23__689323433_stage_1_seed_2_hof_0,ITL23,32.5,35,37.6875,40.8125,44.0625,48.25,52.3125,57.3125,63,69.6875,78.6875,89.625,105.0625,125.8125,149.8125,172.9375,196.625,222.875,NaN,NaN,NaN,NaN,NaN,NaN
ITL23__689360253_stage_1_seed_1_hof_0,ITL23,28.6875,31.0625,33.75,36.75,39.625,42.9375,46,49.625,53.4375,57.5,61.625,66.0625,71.25,75.3125,81.5,88.875,97.6875,108.75,124.3125,146.75,181.25,231.875,NaN,NaN
ITL23__689360253_stage_1_seed_2_hof_0,ITL23,30.6875,33.25,35.6875,38.3125,41,44,47,50.1875,53.4375,57.0625,61,65.0625,69.3125,73.8125,78.875,83.8125,89.125,94,99.75,106.125,113.1875,121.5,131.125,140.25
ITL23__695494556_stage_1_seed_1_hof_0,ITL23,37.25,42.0625,46.5625,51.4375,56.125,61.5625,66.9375,72.75,78.625,84.875,91.4375,97.9375,104.6875,111.8125,118.75,126.375,133.875,141.625,149.5625,157.875,167.3125,178.125,189.375,200.375
ITL23__695494556_stage_1_seed_2_hof_0,ITL23,31.125,34,36.9375,39.9375,43,46.3125,49.8125,53.5625,58,62.25,67.25,72.4375,78.25,84.25,91,97.875,105.0625,112.3125,120.4375,128.375,136.8125,145.6875,155.4375,163.625
ITL23__695521538_stage_1_seed_1_hof_0,ITL23,36.1875,40.9375,46.0625,51.3125,56.5625,62.0625,67.75,73.5,79.5625,85.875,92.25,98.875,105.6875,112.6875,119.1875,125.6875,132.4375,138.75,145.25,151.4375,158.75,168.0625,180,194.25
ITL23__695521538_stage_1_seed_2_hof_0,ITL23,34.375,37.3125,40.1875,43.0625,45.875,48.6875,51.75,54.6875,57.875,60.875,64.25,67.75,71.375,74.875,78.5,82.6875,86.625,90.375,93.875,97.1875,101.3125,105.9375,110.625,115.3125
ITL23__695546566_stage_1_seed_1_hof_0,ITL23,29.1875,32.125,35.0625,38.375,41.125,45.0625,48.25,52.0625,56.125,60.5,65.0625,69.875,74.75,80,85.1875,90.625,96.0625,101.75,107.125,113.125,119.0625,125.625,132.375,138.1875
ITL23__695546566_stage_1_seed_2_hof_0,ITL23,22.5625,24.6875,26.8125,29.3125,31.875,34.75,38.125,41.6875,NaN,NaN,NaN,NaN,NaN,NaN,NaN,NaN,NaN,NaN,NaN,NaN,NaN,NaN,NaN,NaN
ITL23__695557339_stage_1_seed_1_hof_0,ITL23,39.6875,43.0625,46.1875,50.25,54.3125,58.75,63.625,68.75,74.5625,80.4375,87.5625,94.3125,101.75,109.5625,117.5625,126.1875,135.0625,145.5625,157.625,172.625,192.75,222.1875,NaN,NaN
ITL23__695557339_stage_1_seed_2_hof_0,ITL23,25.8125,27.5,29.125,31.4375,33.0625,35.3125,38.0625,41.1875,45.1875,49.625,54.4375,59.25,66.375,73.6875,81.75,92.1875,104,118.125,134.875,157.125,199.875,NaN,NaN,NaN
ITL23__707828926_stage_1_seed_1_hof_0,ITL23,31.1875,35.75,40.5,45.0625,50.1875,55.0625,59.9375,65.5625,71.1875,77.0625,82.9375,89.3125,95.6875,101.625,107.875,114.125,120.125,125.9375,131.625,138.0625,144.25,151.375,159,166.6875
ITL23__707828926_stage_1_seed_2_hof_0,ITL23,26.375,28.875,31.375,33.9375,36.5625,39.1875,41.9375,44.6875,47.625,50.625,53.75,56.625,59.6875,63,65.9375,68.8125,71.625,74.5,77.4375,79.625,82.4375,85.6875,89.3125,92.0625
ITL23__716918890_stage_1_seed_1_hof_0,ITL23,40.75,44.375,48.3125,52.4375,57.0625,61.75,66.625,72.375,78,84.1875,91,98.125,105.875,113.9375,122.375,130.9375,140.0625,149.5625,159.8125,171.1875,184.4375,201.0625,224.75,NaN
ITL23__716929071_stage_1_seed_2_hof_0,ITL23,49.1875,53.875,59.0625,64.4375,70,75.8125,81.8125,87.875,94.3125,100.625,106.375,113.0625,120,126.875,134.3125,143.25,152.5625,165.25,182.125,209.25,NaN,NaN,NaN,NaN
ITL23__720828444_stage_1_seed_2_hof_0,ITL23,21,24,26.75,29.5,32.5,35.375,38.375,41.3125,44.4375,47.5,50.8125,54.125,57.4375,60.875,64.5,67.9375,71.5,75.0625,78.625,82.0625,85.5,89.3125,93.5,96.5625
ITL23__720850977_stage_1_seed_1_hof_0,ITL23,34.625,38.25,42.0625,46.0625,50.375,54.6875,59.125,64,68.625,73.5,78.1875,83.0625,87.75,92.0625,96.4375,101,105.9375,111.4375,117.3125,121.6875,NaN,NaN,NaN,NaN
ITL23__720850977_stage_1_seed_2_hof_0,ITL23,2.1875,2.125,2.3125,2.375,2.625,2.8125,2.875,3,3.1875,3.375,NaN,NaN,NaN,NaN,NaN,NaN,NaN,NaN,NaN,NaN,NaN,NaN,NaN,NaN
ITL23__720862326_stage_1_seed_1_hof_0,ITL23,53.25,69.5625,84.625,98.5625,110.8125,122.4375,134.25,145.5625,157.5625,169.8125,182.625,195.9375,210.5,226.4375,245.0625,NaN,NaN,NaN,NaN,NaN,NaN,NaN,NaN,NaN
ITL23__720862326_stage_1_seed_2_hof_0,ITL23,11.3125,11.875,12.5625,13.1875,13.9375,14.6875,15.5,16.5,17.25,18.5,19.9375,21.6875,23.1875,25.4375,27.5625,30.4375,33.5,36.3125,39.9375,44.125,48.4375,52.5625,57.4375,61.75
ITL23__720871158_stage_1_seed_1_hof_0,ITL23,25.8125,28.9375,32.25,35.8125,39.1875,42.75,46.4375,50.4375,54.125,58.4375,62.625,67.25,72.25,77.8125,83.5,89.625,95.875,102.1875,109.25,116.3125,123.625,131.5,140.25,147.125
ITL23__720871158_stage_1_seed_2_hof_0,ITL23,24.1875,26.75,29,31.625,34.125,36.875,39.625,42.6875,46,49.375,53.25,57.125,61.25,65.6875,70.625,75.8125,81.4375,87.5,94.25,101.6875,111.125,122.5,138.5625,154.4375
ITL23__720878801_stage_1_seed_1_hof_0,ITL23,10.125,11.5,12.875,14.1875,15.75,16.9375,18.375,19.8125,21.125,22.5,23.9375,25.3125,26.8125,27.875,29,30.5,31.8125,33.6875,35.25,37.25,39.875,42.875,46.25,46.875
ITL23__720878801_stage_1_seed_2_hof_0,ITL23,14,15.375,16.8125,18.375,20,21.625,23.375,25,26.4375,28.3125,30,31.5,33.3125,34.5625,35.9375,37.375,38.0625,40.0625,41.5625,43.9375,45.6875,46.5,NaN,NaN
ITL23__737089555_stage_1_seed_1_hof_0,ITL23,95.75,107.1875,118.6875,129.9375,142.1875,154.5,168.1875,183.25,200.6875,NaN,NaN,NaN,NaN,NaN,NaN,NaN,NaN,NaN,NaN,NaN,NaN,NaN,NaN,NaN
ITL23__737089555_stage_1_seed_2_hof_0,ITL23,22.5,24.5,26.8125,29.375,32.1875,35.5,39.3125,44.3125,50.625,59.4375,74.1875,99.6875,128.3125,153,176.625,NaN,NaN,NaN,NaN,NaN,NaN,NaN,NaN,NaN
ITL23__737134157_stage_1_seed_1_hof_0,ITL23,6.875,7.5,8.0625,8.6875,9.3125,10,10.75,11.5625,12.4375,13.375,14.375,15.5,16.625,18.0625,19.5,21.1875,22.9375,25.125,27.4375,30.125,33.4375,37.1875,41.375,45.5625
ITL23__737134157_stage_1_seed_2_hof_0,ITL23,7.75,8.3125,8.9375,9.5625,10.3125,11.25,12.1875,13.1875,14.4375,15.8125,17.3125,18.875,20.75,22.6875,24.75,27.3125,29.6875,32.75,35.875,39.5625,43.375,48.125,53.3125,58.5
ITL23__737158657_stage_1_seed_1_hof_0,ITL23,7.75,8.25,8.8125,9.375,9.875,10.5,11,11.625,12.25,12.875,13.5,14.25,14.9375,15.6875,16.5,17.125,17.9375,18.875,19.875,20.75,21.875,23.125,24.25,25.5625
ITL23__737158657_stage_1_seed_2_hof_0,ITL23,26.3125,41.75,NaN,NaN,96.625,112.3125,127.5,NaN,158.25,175.3125,NaN,NaN,NaN,NaN,NaN,NaN,NaN,NaN,NaN,NaN,NaN,NaN,NaN,NaN
ITL23__737424303_stage_1_seed_1_hof_0,ITL23,10.0625,10.6875,11.3125,11.9375,12.625,13.375,14.3125,15.125,16.1875,17.125,18.25,19.3125,20.6875,21.9375,23.3125,24.9375,26.5,28.25,30,31.6875,34,36.1875,38.5,40.625
ITL23__737424303_stage_1_seed_2_hof_0,ITL23,14.0625,15.375,16.625,18.125,19.5625,21.0625,22.6875,24.375,26.0625,28,29.875,31.9375,34,36.3125,38.75,41.3125,44,46.9375,50.1875,54.1875,59.5625,66.5625,76.75,89.25
ITL23__737820466_stage_1_seed_1_hof_0,ITL23,3.8125,4.125,4.4375,4.9375,5.125,5.8125,6.25,6.875,7.4375,8,8.625,9.4375,10.1875,10.875,11.8125,12.625,13.375,13.8125,14.5,15.25,15.9375,16.6875,17.5,18.125
ITL23__737820466_stage_1_seed_2_hof_0,ITL23,3.3125,3.6875,3.9375,4.1875,4.5625,4.9375,5.1875,5.75,6.0625,6.625,7.0625,7.625,8.1875,8.6875,9.375,10,10.625,11.3125,11.9375,12.6875,13.125,13.8125,14.75,15.375
ITL23__737988336_stage_1_seed_1_hof_0,ITL23,8.5625,9.3125,10.1875,11.0625,11.9375,13,14.1875,15.375,16.6875,18.25,20,21.875,23.875,26.1875,28.8125,31.1875,34.25,37.875,41.875,46.6875,52.375,59,68.25,77.3125
ITL23__737988336_stage_1_seed_2_hof_0,ITL23,7.125,7.6875,8.1875,8.6875,9.125,9.6875,10.25,10.8125,11.375,12,12.5625,13.125,13.8125,14.3125,15.125,15.8125,16.5,17.25,18.125,18.875,20,21.125,22.125,23.375
ITL23__758285403_stage_1_seed_1_hof_0,ITL23,31.6875,35.1875,39.5625,44.375,48.0625,53,58.4375,64.8125,71.375,79.25,86.25,94.6875,104.3125,114.4375,125.9375,138.1875,151.25,166.875,186.5625,213.1875,NaN,NaN,NaN,NaN
ITL23__758285403_stage_1_seed_2_hof_0,ITL23,30.9375,33,34,38,40.5,44.3125,48,51.625,58.125,63.6875,70.5625,78.1875,89.5625,102.0625,119.3125,146.6875,NaN,NaN,NaN,NaN,NaN,NaN,NaN,NaN
ITL23__758286194_stage_1_seed_1_hof_0,ITL23,20.5625,21.6875,22.875,24.5625,25.875,26.9375,29.3125,31.125,33.75,36.4375,40.6875,45.75,52,58.6875,67.0625,79.3125,93.375,110.25,138.5,NaN,NaN,NaN,NaN,NaN
ITL23__758311336_stage_1_seed_1_hof_0,ITL23,6.25,7.6875,8.9375,10.3125,11.75,13.25,14.875,16.625,18.625,20.625,22.9375,25.375,28,30.9375,33.4375,36.625,39.9375,43.25,46.6875,50.8125,55.1875,60.375,66.625,71.9375
ITL23__758311336_stage_1_seed_2_hof_0,ITL23,6.5,7.4375,8.25,9.1875,10.1875,11.125,12.25,13.375,14.5,16.125,17.875,19.875,22,24.5625,27.5625,30.8125,34.4375,38.625,43,47.9375,52.9375,58.4375,63.5625,67.8125
ITL23__758319694_stage_1_seed_1_hof_0,ITL23,31.1875,33.4375,35.75,38.625,41.375,45,48.5,52.5625,57.4375,62.8125,68.5625,75.25,82.25,89.5625,97.0625,104.8125,112,119.375,126.4375,131.125,137.8125,145.6875,155.0625,163.625
ITL23__758319694_stage_1_seed_2_hof_0,ITL23,48.1875,51.8125,56,60.4375,64.9375,70.5625,76.25,82.1875,89.3125,96.5625,104.1875,112.125,121,130.3125,139.875,149.9375,160.625,172.5625,185.6875,201.25,221.1875,NaN,NaN,NaN
ITL23__758323401_stage_1_seed_1_hof_0,ITL23,29.5625,30.75,31.75,32.9375,34.9375,36.9375,38.8125,41,43.0625,45.9375,49.1875,51.8125,55.9375,59.625,64.1875,69.5625,74.875,81.875,90.375,99.5,111.375,125.125,140.625,156.6875
ITL23__758816993_stage_1_seed_1_hof_0,ITL23,19.3125,20.8125,22.8125,24.9375,27.1875,29.625,32,34.6875,37.1875,40.0625,42.9375,45.9375,48.875,52,55,58.0625,61.125,64.0625,66.9375,69.5625,72.25,75,78.0625,80.1875
ITL23__758816993_stage_1_seed_2_hof_0,ITL23,20.3125,22.125,24,25.9375,28,30,32.1875,34.5625,36.75,39.125,41.625,44,46.3125,48.75,51.125,53.25,55.75,57.875,60,62.1875,64.3125,66.75,69,71
ITL23__758967755_stage_1_seed_1_hof_0,ITL23,9.8125,10.5625,11.875,12.5625,13.4375,14.625,15.9375,17.6875,19.3125,21.375,23.375,25.8125,28.5625,31.1875,34.5625,38.125,42.0625,46.5,51,56.125,62,68.1875,75.3125,81.5625
ITL23__758967755_stage_1_seed_2_hof_0,ITL23,13.5625,14.75,15.9375,17.25,18.625,19.9375,21.375,22.9375,24.5,26.3125,28.3125,30.125,32.375,34.5625,36.9375,39.375,41.9375,44.5625,47.3125,50.0625,52.875,56.125,59.375,62.1875
ITL23__758996848_stage_1_seed_2_hof_0,ITL23,7.375,7.625,8.0625,8.5,9.0625,9.5625,10.125,10.8125,11.4375,12.375,13.0625,14,14.8125,16.0625,17.0625,18.3125,19.625,21.1875,23,25,27.375,30.25,33.5625,36.75
ITL23__767415421_stage_1_seed_1_hof_0,ITL23,3.75,3.9375,4.25,4.625,5.0625,5.6875,6.125,6.625,7.375,7.8125,8.4375,9.25,10,10.9375,12.25,13.75,15.4375,17.1875,19.5625,21.75,24.375,27.3125,30.625,33.5625
ITL23__767415421_stage_1_seed_2_hof_0,ITL23,4.6875,5,5.3125,5.6875,6.0625,6.4375,6.875,7.3125,7.75,8.1875,8.625,9.1875,9.8125,10.5,11.1875,11.9375,12.6875,13.5,14.3125,15.125,16.0625,16.9375,18.125,18.9375
ITL23__767433014_stage_1_seed_1_hof_0,ITL23,89.5,95.625,99.8125,99.875,100.1875,106.0625,113.5,120.8125,127.6875,134.625,141.75,148.4375,155.9375,163.5625,171.75,180.625,190.25,201.0625,213.375,227.25,243.5,263.4375,290.375,NaN
ITL23__767433014_stage_1_seed_2_hof_0,ITL23,96.625,101.125,105.375,108.6875,111.5625,113.8125,115.8125,119.3125,127.0625,135.875,144.875,153.5625,163.3125,173.0625,183.4375,194.5625,206.5,219.375,233.4375,248.75,266.5,289.0625,NaN,NaN
ITL23__767829778_stage_1_seed_1_hof_0,ITL23,54.375,58,61.8125,66.125,70.5,75.3125,80.3125,85.6875,91.4375,97.375,103.625,110.3125,117.4375,125.0625,132.625,140.8125,148.9375,157.8125,166.6875,176.75,188.25,202.125,223.9375,NaN
ITL23__768819569_stage_1_seed_1_hof_0,ITL23,25.25,27.0625,29.0625,31.1875,33.375,35.375,37.75,41.25,44.3125,48,52.6875,57.9375,63.8125,70.6875,79.3125,89,101.9375,117.3125,137.3125,164.6875,205,NaN,NaN,NaN
ITL23__768819569_stage_1_seed_2_hof_0,ITL23,79.125,85.9375,92.4375,100.875,109.375,119,130.375,143.5,160,184.4375,NaN,NaN,NaN,NaN,NaN,NaN,NaN,NaN,NaN,NaN,NaN,NaN,NaN,NaN
ITL23__768848167_stage_1_seed_1_hof_0,ITL23,13.8125,14.5625,15.375,16.8125,17.9375,19.3125,20.9375,22.5625,24.6875,26.8125,29.25,32.875,36.5625,41.0625,45.375,52.1875,60.25,70.625,84.875,102.9375,126.375,155.4375,189.5,227.8125
ITL23__768848167_stage_1_seed_2_hof_0,ITL23,25.875,27.875,29.75,31.5625,33.375,35.125,37,38.9375,41.0625,43.3125,45.75,48.25,51.25,54.125,57.5625,61.25,65.25,69.75,74.4375,79.5625,85,90.3125,96.125,101.0625
ITL23__768867010_stage_1_seed_1_hof_0,ITL23,115.9375,127.5,138.5,150.0625,161.375,173.1875,185.1875,196.9375,209.5,222,235.125,248.375,262.4375,277.6875,294.9375,NaN,NaN,NaN,NaN,NaN,NaN,NaN,NaN,NaN
ITL23__768885440_stage_1_seed_1_hof_0,ITL23,10.625,11.5,12.5,13.4375,14.5625,15.6875,16.875,18.125,19.375,20.875,22.3125,23.875,25.4375,27,28.75,30.5,32.1875,34.125,36.0625,38.5,41.1875,44.125,47.875,51.25
ITL23__768885440_stage_1_seed_2_hof_0,ITL23,17.9375,19.1875,20.5625,21.9375,23.375,24.875,26.3125,27.875,29.5,31.0625,32.75,34.4375,36.1875,37.8125,39.4375,41.1875,42.4375,44.0625,45.6875,47.5,49.1875,51.5625,54.0625,56.375
ITL23__769228370_stage_1_seed_1_hof_0,ITL23,40,44.25,48.8125,53.125,57.75,62.4375,67.5,72.8125,77.5,82.5625,87.5,92.3125,97.3125,102.25,106.875,111.9375,117.125,122.1875,127.875,133.0625,141.4375,150.4375,162,174.75
ITL23__769228370_stage_1_seed_2_hof_0,ITL23,25.4375,27.0625,29.625,31.6875,34.1875,36.8125,39.8125,43.25,47.0625,51.375,57,63.0625,69.6875,77.9375,86.8125,99.25,114.5625,134,159.5,NaN,NaN,NaN,NaN,NaN
ITL23__770255641_stage_1_seed_1_hof_0,ITL23,10.375,11.4375,12.5625,13.6875,14.75,16.0625,17.375,18.875,20.5,22.3125,24.5,26.8125,29.4375,32.3125,35.3125,38.75,42.4375,46.25,50.625,55.5,60.75,67.125,74.25,81.0625
ITL23__770268817_stage_1_seed_1_hof_0,ITL23,6.25,6.6875,7.125,7.6875,8.25,8.875,9.5,10.25,11,11.75,12.75,13.5625,14.625,15.5,16.625,17.625,18.6875,19.75,21,22.25,23.5625,25.25,27.25,28.5625
ITL23__770275864_stage_1_seed_1_hof_0,ITL23,39.25,41.25,43.5,45.6875,47.9375,50.6875,53.75,56.8125,60.25,63.6875,67.75,72.6875,77.5625,82.8125,89.6875,96.4375,103.25,111.25,119.6875,128.9375,139,149.8125,162.3125,173.5625
ITL23__770275864_stage_1_seed_2_hof_0,ITL23,38.125,40.6875,42.9375,46.3125,49.875,53.9375,58.375,63.75,69.4375,76.0625,83.375,91.5,101.125,112.75,126.375,143.875,164.1875,192.5625,NaN,NaN,NaN,NaN,NaN,NaN
ITL23__770307286_stage_1_seed_1_hof_0,ITL23,16,17.6875,19.375,20.9375,22.8125,24.625,26.5,28.6875,30.9375,33.5625,36.0625,39.375,42.9375,46.75,50.6875,55.4375,60.125,65.625,71.625,79,87.125,97.375,110.25,121.8125
ITL23__770307286_stage_1_seed_2_hof_0,ITL23,27.1875,36.3125,48.5,61.1875,75.0625,88.75,102.125,115.5625,128.5,141.875,156.25,171.875,189.375,209.6875,NaN,NaN,NaN,NaN,NaN,NaN,NaN,NaN,NaN,NaN
ITL23__770337451_stage_1_seed_1_hof_0,ITL23,NaN,NaN,132.875,138.3125,143.9375,150.0625,157,164.4375,172.1875,NaN,190,NaN,NaN,NaN,NaN,NaN,NaN,NaN,NaN,NaN,NaN,NaN,NaN,NaN
ITL23__770337451_stage_1_seed_2_hof_0,ITL23,16.5,17.9375,19.1875,20.5625,21.8125,23.5625,24.8125,26.875,28.8125,30.625,33.1875,36.5625,40.5,45.625,53.125,63.75,80.875,108.5,NaN,NaN,NaN,NaN,NaN,NaN
ITL23__770369798_stage_1_seed_1_hof_0,ITL23,8.625,9.0625,9.4375,9.6875,10.125,10.4375,10.875,11.3125,12.0625,12.875,13.5,14.625,15.5625,16.8125,18.3125,20.1875,21.625,23.875,26.5625,28.875,31.875,35.6875,39.6875,43.875
ITL23__770369798_stage_1_seed_2_hof_0,ITL23,15.75,16,16.375,16.875,17.375,17.9375,18.25,18.875,19.75,20.8125,21.9375,23,24.6875,26.4375,28.75,31,33.9375,36.875,41.5,46.3125,52.1875,59.5625,67.3125,75
ITL23__770402036_stage_1_seed_1_hof_0,ITL23,13.1875,14.4375,15.5,16.75,18,19.25,20.625,22.1875,23.5625,25.375,27.1875,29.1875,31.3125,33.8125,36.5,39.125,42.375,45.5625,48.75,52.1875,55.625,59.25,62,64.875
ITL23__770402036_stage_1_seed_2_hof_0,ITL23,11.9375,13.0625,14.125,15.125,16.25,17.5,18.375,19.75,21.375,23.0625,25.125,27.4375,30,33.75,38,43.25,48.9375,57.125,65.125,77.5625,92.8125,113.1875,138,173.625
ITL23__770516177_stage_1_seed_1_hof_0,ITL23,34.3125,57.1875,79.4375,97.1875,112.4375,128.5,144.375,162.125,NaN,NaN,NaN,NaN,NaN,NaN,NaN,NaN,NaN,NaN,NaN,NaN,NaN,NaN,NaN,NaN
ITL23__770516177_stage_1_seed_2_hof_0,ITL23,10.25,11.25,12.375,13.3125,14.4375,15.5625,16.8125,18.0625,19.5,21,22.75,24.625,26.4375,28.75,31.25,34.125,37.4375,41.375,46.8125,55.125,70.8125,111.9375,162.9375,202.8125
ITL23__770611301_stage_1_seed_1_hof_0,ITL23,12.3125,13.625,14.875,15.5,16.625,18.4375,19.375,21.0625,22.8125,24.1875,26.3125,28.5625,30.5625,33.3125,36,39,42,45.625,49.125,53.9375,58.5625,64.25,70.75,75.9375
ITL23__770611301_stage_1_seed_2_hof_0,ITL23,12.8125,13.5625,14.6875,15.6875,16.9375,18.4375,19.625,21.5,23.4375,25.25,27.8125,30.875,33.875,37.25,41.5625,45.8125,51.125,57.4375,63.9375,72.875,83.3125,97.4375,117.1875,144.8125
ITL23__770645883_stage_1_seed_1_hof_0,ITL23,24.25,37.6875,49.875,63,74.3125,85.25,96.4375,106.875,117.6875,128.1875,139.1875,151.5,164.25,177.875,NaN,NaN,NaN,NaN,NaN,NaN,NaN,NaN,NaN,NaN
ITL23__770645883_stage_1_seed_2_hof_0,ITL23,13.75,14.9375,16.4375,17.5,18.75,19.9375,21.25,22.75,24.125,25.5625,27.25,28.875,30.5625,32.25,34.125,36.1875,37.9375,39.875,41.8125,43.75,45.6875,47.3125,49.25,51
ITL23__770650205_stage_1_seed_1_hof_0,ITL23,4.8125,5.4375,5.75,6.1875,7.6875,9.625,12.6875,15.875,18.875,21.125,23.75,26.25,28.6875,31.4375,34.625,37.8125,41.125,44.4375,47.9375,51.5,55.0625,59.0625,63.375,67.25
ITL23__770650205_stage_1_seed_2_hof_0,ITL23,53.6875,58.1875,63.0625,68.375,73.875,79.5625,85.375,91.4375,97.5625,104.5,111.8125,119.875,129.125,139.4375,151.75,166.9375,187.3125,221.75,NaN,NaN,NaN,NaN,NaN,NaN
ITL23__770658546_stage_1_seed_1_hof_0,ITL23,23.5,26.375,29,31.8125,34.625,37.375,40.5625,44,47.375,50.75,54.9375,58.9375,63.5625,68.25,72.75,77.9375,83.3125,88.1875,94.0625,99.3125,104.9375,110.9375,117.9375,123.9375
ITL23__770658546_stage_1_seed_2_hof_0,ITL23,33.375,35.375,37.0625,39.25,41.3125,44.125,46.0625,48.875,52.3125,55.5,58.4375,63.0625,66.9375,71.875,75.8125,81.625,86.375,92.5625,98.125,104.125,110.1875,116.4375,122.8125,128
ITL23__774420848_stage_1_seed_1_hof_0,ITL23,93.5,102.0625,110.875,119.875,128.6875,137.3125,145.9375,154.8125,163.9375,173.0625,182.6875,192.25,202.0625,212.3125,223,NaN,NaN,NaN,NaN,NaN,NaN,NaN,NaN,NaN
ITL23__774420848_stage_1_seed_2_hof_0,ITL23,6.9375,7.4375,8,8.5625,9.1875,9.75,10.4375,11.0625,11.8125,12.625,13.4375,14.25,15.125,16,16.875,17.6875,18.4375,19.1875,20.0625,20.8125,21.75,22.6875,23.625,24.625
ITL23__774620186_stage_1_seed_1_hof_0,ITL23,86,95.9375,106.6875,117.6875,129.4375,142.5625,156.1875,171.375,187.25,203.8125,222.625,244.25,NaN,NaN,NaN,NaN,NaN,NaN,NaN,NaN,NaN,NaN,NaN,NaN
ITL23__774620186_stage_1_seed_2_hof_0,ITL23,39.5,44.1875,48.75,53.8125,58.9375,64.0625,69.0625,74.3125,79.5625,84.5625,88.5,92.8125,96.875,100.3125,103.4375,106.6875,109.5625,112.8125,115.75,119.125,122.875,127.5625,132.8125,138
ITL23__783585601_stage_1_seed_1_hof_0,ITL23,28.5625,31.9375,35.3125,38.5625,42,45.125,48.6875,52.0625,55.875,60.25,65,70.375,76.125,82.375,89.375,97.1875,105.25,114.1875,123.875,134.6875,146.9375,161.4375,178.6875,196.875
ITL23__783585601_stage_1_seed_2_hof_0,ITL23,20.5625,22.875,25.25,27.875,30.8125,33.9375,37.5625,41.5,46.4375,51.6875,58.3125,66.75,77.75,92.875,115.5,145.8125,177.625,NaN,NaN,NaN,NaN,NaN,NaN,NaN
ITL23__783585742_stage_1_seed_1_hof_0,ITL23,21.375,22.875,24.8125,26.625,28.6875,30.6875,32.9375,35.5,37.8125,40.6875,43.625,46.8125,50.125,53.6875,57.4375,61.25,64.9375,68.25,72.1875,75.875,79.75,84,88.625,92.375
ITL23__783585742_stage_1_seed_2_hof_0,ITL23,25.3125,27.75,30.5625,33.625,37.25,41.1875,45.625,50.5625,56.625,63.8125,72.6875,84.875,100.6875,NaN,NaN,NaN,NaN,NaN,NaN,NaN,NaN,NaN,NaN,NaN
ITL23__783615441_stage_1_seed_1_hof_0,ITL23,5.6875,6.125,6.5625,6.9375,7.375,7.8125,8.25,8.8125,9.375,9.875,10.4375,11.0625,11.6875,12.4375,13.1875,13.9375,14.8125,15.75,16.625,17.6875,18.75,19.9375,21.375,22.4375
ITL23__783615441_stage_1_seed_2_hof_0,ITL23,7.5625,8.125,8.75,9.4375,10.0625,10.6875,11.3125,12.0625,12.75,13.625,14.5,15.3125,16.3125,17.5,18.5625,20,21.4375,22.9375,24.4375,25.9375,27.75,29.4375,31.125,32.5
ITL23__783624438_stage_1_seed_1_hof_0,ITL23,13.625,14.6875,15.8125,17,18.1875,19.5,20.875,22.3125,23.875,25.4375,27.125,28.9375,30.875,32.75,34.8125,36.875,39,41.25,43.5,45.8125,48.125,50.75,53.6875,56
ITL23__783624438_stage_1_seed_2_hof_0,ITL23,8.4375,8.8125,9.3125,10.0625,10.4375,11.3125,12.25,13.0625,14.3125,15.375,17,18.625,20.625,22.8125,25.3125,28.4375,32,36.4375,41.5625,48.375,56.5625,67.25,82.6875,99.3125
ITL23__783698501_stage_1_seed_1_hof_0,ITL23,11.625,12.5,13.5,14.625,15.875,17.125,18.4375,19.8125,21.1875,22.5625,24.1875,25.75,27.25,28.8125,30.375,31.75,33,34.5,35.9375,37.5625,39.25,41.1875,43.1875,44.9375
ITL23__783698501_stage_1_seed_2_hof_0,ITL23,14.8125,16.0625,17.1875,19.125,21.125,23.125,25.6875,28.4375,31.5625,34.5625,38.3125,41.875,46.125,50.75,55.6875,60.875,66,71.9375,79.3125,87.5,96.375,107.25,121.1875,134.25
ITL23__785379684_stage_1_seed_1_hof_0,ITL23,4.3125,5,5.5,5.9375,6.375,6.875,7.5,8.125,9,9.875,10.9375,11.9375,13.25,14.75,16.25,18.0625,19.9375,22.125,24.5,27.375,30.0625,34.125,38.5,42.9375
ITL23__785379684_stage_1_seed_2_hof_0,ITL23,NaN,NaN,NaN,NaN,NaN,NaN,NaN,2.375,2.375,2.75,2.875,3.125,3.1875,3.5625,3.8125,3.875,4.0625,4.25,4.375,4.5,NaN,NaN,NaN,NaN
ITL23__786464137_stage_1_seed_1_hof_0,ITL23,34.25,42.3125,52.25,62.8125,74.5,86.25,99.25,113.3125,127.5,142.5,157.8125,172.6875,188.8125,206.4375,225.75,NaN,NaN,NaN,NaN,NaN,NaN,NaN,NaN,NaN
ITL23__786464137_stage_1_seed_2_hof_0,ITL23,36.5,39.3125,42.375,45.5625,48.5625,52.25,55.9375,60.0625,64.375,69.375,74.625,80.4375,87,94,101.8125,110.75,120.5,131.375,143.6875,158.375,176.375,199.375,NaN,NaN
ITL23__786472956_stage_1_seed_1_hof_0,ITL23,24.8125,26.8125,28.9375,30.75,32.6875,35,37.125,39.375,41.5625,44.125,46.625,49.1875,52.125,54.875,58.0625,61,64,67.125,70.5,73.8125,77.375,81.75,86,90.75
ITL23__786472956_stage_1_seed_2_hof_0,ITL23,25.875,28.3125,30.9375,33.5625,36.5,39.4375,42.3125,45.5,48.625,51.6875,55.0625,58.9375,63.0625,67.4375,72.375,78.9375,86.75,98.25,116.4375,146.6875,191.6875,253.8125,NaN,NaN
ITL23__786484903_stage_1_seed_1_hof_0,ITL23,16.1875,17.3125,18.6875,20.1875,21.625,23.375,25.4375,28.8125,31.9375,37.3125,43.8125,54.0625,71.0625,101.1875,133.9375,162.375,189.1875,NaN,NaN,NaN,NaN,NaN,NaN,NaN
ITL23__786484903_stage_1_seed_2_hof_0,ITL23,32,35.3125,38.1875,41.6875,45.125,48.5,52.5,56.5,60.8125,65.375,70.3125,74.25,79.375,84.5,89.625,94.875,100.1875,105.5,111.125,116.6875,123.25,130.25,138.25,145.9375
ITL23__786497938_stage_1_seed_1_hof_0,ITL23,82.875,93.1875,103.125,113.4375,123.3125,134.4375,146,158.3125,171.125,184.6875,199.625,216.4375,NaN,NaN,NaN,NaN,NaN,NaN,NaN,NaN,NaN,NaN,NaN,NaN
ITL23__786497938_stage_1_seed_2_hof_0,ITL23,17.875,19.75,21.8125,23.8125,26,28.25,30.8125,33.75,36.4375,39.875,43.1875,46.8125,50.5625,54.625,58.875,63.125,67.4375,72.0625,76.5,80.75,85.875,91.1875,96.5,101.25
ITL23__786508373_stage_1_seed_1_hof_0,ITL23,28.0625,29.6875,31.75,33.8125,35.5,37.5,40.4375,43.6875,47,50.1875,54.25,58.5625,63,68.25,73.875,79.9375,86.625,94.25,102.1875,110.625,119.9375,129.6875,140.1875,149.375
ITL23__786508373_stage_1_seed_2_hof_0,ITL23,64.75,81.625,97.0625,111.0625,124.125,137.125,149.8125,163.9375,178.8125,NaN,NaN,NaN,NaN,NaN,NaN,NaN,NaN,NaN,NaN,NaN,NaN,NaN,NaN,NaN
ITL23__787239157_stage_1_seed_1_hof_0,ITL23,15.0625,16.0625,17.125,18.3125,19.5625,20.75,22.6875,24.625,27.125,29.625,33.1875,37.1875,42.625,49.125,58.25,72.375,95.875,135.0625,170.4375,201.5,231.9375,NaN,NaN,NaN
ITL23__787239157_stage_1_seed_2_hof_0,ITL23,15,16.3125,17.6875,19.4375,20.875,22.5625,24.75,27,29.5625,33,36.1875,40.6875,45.4375,51.375,58.625,67.5,79.1875,95.3125,121.6875,159.875,211.125,216.5,NaN,NaN
ITL23__793490645_stage_1_seed_1_hof_0,ITL23,21.125,23.25,25.4375,27.625,29.9375,32.375,34.8125,37.25,39.9375,42.75,45.6875,48.75,52.0625,55.625,59.0625,62.6875,65.9375,69.5625,73.5625,77.3125,81.4375,85.9375,90.8125,95.375
ITL23__793490645_stage_1_seed_2_hof_0,ITL23,20.9375,22.9375,24.9375,27,29.125,31.1875,33.5,35.9375,38.625,42.375,45.5625,49.1875,54,58.375,63.375,68.5625,75.25,82.25,90.5,100,110.9375,124,141.1875,159.4375
ITL23__852458310_stage_1_seed_1_hof_0,ITL23,4.125,7,9.8125,15,25,40.6875,54.9375,72.1875,86.5,99.6875,112.875,124.8125,138.25,147.4375,NaN,NaN,NaN,NaN,NaN,NaN,NaN,NaN,NaN,NaN
ITL23__852458310_stage_1_seed_2_hof_0,ITL23,7.625,9.5,10.9375,12.1875,13.5625,14.75,16,17.3125,18.4375,19.6875,21,22.4375,23.75,25.1875,26.8125,28.5,30.1875,32.5,34.625,37.375,40.3125,43.625,47.4375,51.1875
ITL23__852496988_stage_1_seed_1_hof_0,ITL23,10,10.5625,11.0625,11.5625,12.1875,12.6875,13.5,14.375,14.9375,15.8125,16.6875,17.875,19,20.0625,21.5,23.25,25.125,27.375,29.9375,32.125,34.75,37.5625,40.3125,42.625
ITL23__852496988_stage_1_seed_2_hof_0,ITL23,9.25,10.125,11.125,12.125,13.125,14.25,15.3125,16.4375,17.5625,18.875,20.25,21.6875,23.0625,24.5625,26.25,27.8125,29.375,30.9375,32.5,34.125,36,37.625,39.875,41.4375
ITL35__1005032781_stage_1_seed_1_hof_0,ITL35,NaN,NaN,88.5,NaN,NaN,NaN,NaN,NaN,NaN,NaN,NaN,NaN,NaN,NaN,NaN,NaN,NaN,NaN,NaN,NaN,NaN,NaN,NaN,NaN
ITL35__576134298_stage_1_seed_1_hof_0,ITL35,22.375,24,25.5625,27.125,29.125,31.0625,33.25,35.8125,38.3125,41.375,44.375,47.25,51.3125,55.625,60.8125,67.125,75.125,86.75,104.0625,128.4375,151.3125,NaN,NaN,NaN
ITL35__576134298_stage_1_seed_2_hof_0,ITL35,11.875,13.8125,16.0625,17.9375,19.5625,21.3125,22.875,24.25,25.5625,27.125,28.3125,29.6875,31.0625,32.375,33.625,34.8125,36,37.0625,38.1875,39.3125,40.4375,41.875,43.25,44.3125
ITL35__592532014_stage_1_seed_1_hof_0,ITL35,NaN,27,29,NaN,33.9375,36.875,40.6875,NaN,49.75,56,63.5,72.5625,84.75,98.6875,114.625,130.8125,146.5625,163.5,180.25,NaN,NaN,NaN,NaN,NaN
ITL35__592532014_stage_1_seed_2_hof_0,ITL35,58,65.25,73.625,81.9375,91.3125,100.375,110.75,121.125,131.75,143.1875,154.5625,166.5,179.25,192.875,207.1875,NaN,NaN,NaN,NaN,NaN,NaN,NaN,NaN,NaN
ITL35__653040833_stage_1_seed_1_hof_0,ITL35,33.125,35.5625,37.625,40.0625,42.5,45.3125,48.4375,51.625,55.125,58.9375,64.0625,68.9375,74.5625,80.5625,87.875,94.75,102.125,109.6875,118.0625,125.75,134,142.75,151.375,158.625
ITL35__653040833_stage_1_seed_2_hof_0,ITL35,45.5625,48.75,52.125,55.6875,59.1875,63.4375,67.5,71.75,76.125,81,85.6875,90.625,95.6875,100.6875,105.5625,110.625,113.3125,118.375,122.875,127.1875,132,136.8125,141.3125,145.375
ITL35__653808728_stage_1_seed_1_hof_0,ITL35,38.25,40.25,42.25,44.1875,46.875,49.6875,52.625,56,59.875,64.25,68.5625,73.875,79.625,86.1875,93.3125,100.75,109.3125,118.625,129.8125,142.25,156.875,175.9375,201.9375,NaN
ITL35__653808728_stage_1_seed_2_hof_0,ITL35,100.1875,105.0625,110.375,116.875,124,132.375,141.8125,151.625,163.5625,176.4375,191.25,207.9375,NaN,NaN,NaN,NaN,NaN,NaN,NaN,NaN,NaN,NaN,NaN,NaN
ITL35__689331593_stage_1_seed_1_hof_0,ITL35,21.8125,22.9375,23.9375,24.625,25.6875,26.375,27.6875,29.0625,30.3125,32,33.9375,36.4375,38.625,42,45.25,49.375,54.5625,60.0625,67,74.4375,82.375,92.875,105.0625,116.1875
ITL35__689331593_stage_1_seed_2_hof_0,ITL35,23.9375,25.3125,26.9375,28.4375,30.3125,31.9375,33.8125,35.9375,38.375,40.6875,43.4375,46.5,49.5,53.4375,57.75,62.4375,67.375,73.5,79.5,86.5625,95.375,104.8125,116.625,127.3125
ITL35__701072592_stage_1_seed_1_hof_0,ITL35,26.8125,29.0625,31.5,33.8125,36.6875,39.375,42.5625,45.75,49.5,53.625,58.25,63.4375,69.4375,76.1875,83.875,92.375,101.6875,112.3125,123.6875,137,152.25,169.9375,191.875,212.0625
ITL35__701072592_stage_1_seed_2_hof_0,ITL35,41.0625,44.25,47.5625,51.6875,57.0625,63.125,71.0625,82,96.8125,113,130.0625,146.125,160.1875,175.75,192.125,NaN,NaN,NaN,NaN,NaN,NaN,NaN,NaN,NaN
ITL35__712887031_stage_1_seed_1_hof_0,ITL35,79.25,86.125,93.25,100.375,108.3125,117.4375,127.3125,138.125,150.0625,163.125,178.125,NaN,NaN,NaN,NaN,NaN,NaN,NaN,NaN,NaN,NaN,NaN,NaN,NaN
ITL35__712887031_stage_1_seed_2_hof_0,ITL35,66.6875,72.625,78.0625,84.125,90.0625,97.3125,104.5625,112.5,120.25,128.3125,136.4375,144.75,152.9375,161.4375,169.75,179.3125,188.875,201.25,216.375,238.5,NaN,NaN,NaN,NaN
ITL35__737293981_stage_1_seed_1_hof_0,ITL35,12.9375,13.4375,13.5625,14.375,14.6875,15.6875,16.1875,16.6875,17.3125,18.6875,19.625,20.5,22.5625,24.5625,26.125,28.125,31.5,35.25,39.75,46.0625,53.3125,62.5,75.3125,88.1875
ITL35__750843552_stage_1_seed_1_hof_0,ITL35,39.0625,42.8125,47.4375,52.4375,57.625,63.25,69.5,76.625,84.6875,93.0625,103.8125,116.5,131.8125,149.4375,167,NaN,NaN,NaN,NaN,NaN,NaN,NaN,NaN,NaN
ITL35__750843552_stage_1_seed_2_hof_0,ITL35,46.6875,49.3125,51.75,54.625,57.3125,60.4375,64.125,68.5,72.875,77.6875,83.3125,89.8125,96.1875,104.25,112.5,121,130.25,140.125,150.5,161.375,172.5625,183.3125,195.5,205.9375
ITL35__758312441_stage_1_seed_1_hof_0,ITL35,12.0625,13.3125,14.6875,16.5,18.8125,22.1875,28,40,62.8125,85.4375,105.5625,122.8125,140,156.625,174.25,NaN,NaN,NaN,NaN,NaN,NaN,NaN,NaN,NaN
ITL35__758312441_stage_1_seed_2_hof_0,ITL35,30.625,33.375,36.3125,40.0625,44.1875,48.125,53.4375,59.5,65.875,72.9375,80.8125,89.6875,98.75,108.625,119.125,130.25,141.6875,154.3125,168.375,184.4375,206.8125,NaN,NaN,NaN
ITL35__768904007_stage_1_seed_1_hof_0,ITL35,24.25,25.9375,27.5,29.3125,30.9375,32.875,35.25,37.4375,40.125,42.875,45.8125,49,52.75,56.4375,60.4375,63.875,68.4375,72.6875,76.8125,81.25,85.9375,90.5,95.1875,99.9375
ITL35__768904007_stage_1_seed_2_hof_0,ITL35,27.3125,29,30.625,32.3125,34.375,36.5,38.9375,41.6875,44.75,47.875,51.9375,56.375,61.5,66.9375,73.625,81.375,90.4375,101.5625,115.6875,133.3125,152.25,NaN,NaN,NaN
ITL35__770255008_stage_1_seed_1_hof_0,ITL35,16.5625,17.6875,18.875,19.9375,21.3125,22.8125,24.5,26.1875,28.4375,31,33.6875,37,39.9375,43.9375,49.0625,53.875,60,66.75,74.9375,83.9375,96,110.875,130.6875,152.6875
ITL35__770255008_stage_1_seed_2_hof_0,ITL35,24.3125,26.0625,28.0625,29.8125,31.8125,33.8125,35.8125,37.875,39.9375,42.1875,44.3125,46.25,47.4375,49.3125,51.25,53.25,55.0625,56.875,58.875,60.5,62.4375,64.25,66.375,68.0625
ITL35__774421995_stage_1_seed_1_hof_0,ITL35,24.9375,26.8125,28.9375,30.875,33.25,35.3125,37.875,40.25,42.625,45.0625,47.5,49.8125,52.25,53.4375,55.6875,57.8125,59.6875,61.875,63.875,65.625,67.875,70.6875,73.3125,75.625
ITL35__774421995_stage_1_seed_2_hof_0,ITL35,20.5,21.875,23.5,25.75,27.6875,29.6875,32.3125,35.125,39,42.6875,46.5,50.5,56.375,61.25,67.0625,74.5,81.625,89,97.625,107.125,117.8125,130.125,144.3125,158.25
ITL35__783629881_stage_1_seed_1_hof_0,ITL35,63.8125,69.375,75.125,80.75,87.0625,93.625,101.125,108.125,115.5625,123.25,131.125,138.625,146.3125,154.3125,162.25,170.6875,179.0625,189.4375,201.1875,215.75,234.9375,NaN,NaN,NaN
ITL35__783629881_stage_1_seed_2_hof_0,ITL35,62.5625,68.1875,73,78.8125,84.4375,90.75,97.75,105.3125,113.625,122.9375,133.5625,145.6875,158.9375,173.8125,189.6875,207.625,227.125,NaN,NaN,NaN,NaN,NaN,NaN,NaN
ITL35__793647709_stage_1_seed_1_hof_0,ITL35,41.4375,NaN,48.6875,NaN,NaN,NaN,NaN,NaN,NaN,NaN,NaN,NaN,NaN,NaN,NaN,NaN,NaN,NaN,NaN,NaN,NaN,NaN,NaN,NaN
ITL35__793647709_stage_1_seed_2_hof_0,ITL35,17,18.1875,19.0625,20.4375,22.25,23.5,25.4375,27.25,29.5625,32.375,35.6875,39.9375,45.25,49.5,58.375,67.375,81.0625,100.625,NaN,NaN,NaN,NaN,NaN,NaN
ITL35__794276683_stage_1_seed_1_hof_0,ITL35,21.75,23.5625,25.1875,27.125,28.9375,30.875,32.875,35.0625,37.1875,39.5,41.5625,43.875,46.0625,48.5,51.0625,53.4375,56,58.75,61.5625,64.875,69.0625,74.1875,80.25,85.875
ITL35__794276683_stage_1_seed_2_hof_0,ITL35,17.5625,18.75,20,21.3125,22.625,24.125,25.6875,26.6875,28.8125,30,31.8125,33.625,35.5625,37.5,39.5,41.75,43.8125,45.75,47.75,49.9375,51.625,53.875,56.125,57.9375
ITL35__797978191_stage_1_seed_1_hof_0,ITL35,50.375,55.0625,60.5625,65.9375,71.75,78.3125,86.4375,95.1875,105.0625,116,129.5,143.125,NaN,NaN,NaN,NaN,NaN,NaN,NaN,NaN,NaN,NaN,NaN,NaN
ITL35__797978191_stage_1_seed_2_hof_0,ITL35,23.9375,25.375,28.1875,30.375,33.875,38.6875,41.625,48.6875,56,66.8125,79.4375,99.4375,315.375,NaN,NaN,NaN,NaN,NaN,NaN,NaN,NaN,NaN,NaN,NaN
ITL35__811814337_stage_1_seed_2_hof_0,ITL35,16.4375,17.625,18.625,19.6875,21.0625,22.25,23.75,25.25,27.125,28.875,30.875,32.8125,35,37.1875,39.5,41.875,44.1875,46.625,48.9375,51.1875,53.4375,55.75,58.5625,60.875
ITL35__811912202_stage_1_seed_1_hof_0,ITL35,23.875,25.4375,27,28.6875,30.375,32.25,34.3125,36.375,38.625,41.0625,43.8125,46.6875,49.625,53,56.4375,60,63.4375,66.75,70.1875,73.875,77.5625,81.0625,84.75,88.125
ITL35__811912202_stage_1_seed_2_hof_0,ITL35,22.5625,23.6875,24.5625,25.5,27,28.125,29.5625,31.25,33.0625,34.875,37.25,39.875,42.5,45.4375,48.6875,52.75,57.375,62.1875,67.5,73.625,78.4375,85.75,92.5625,98.625
ITL35__811950289_stage_1_seed_1_hof_0,ITL35,20.75,22.5,24.3125,25.8125,27.5,29.4375,31.25,33.0625,35.75,38.5625,41,45.1875,49.3125,54.3125,58.8125,65,73,79.9375,88.6875,99.1875,110.9375,124.125,139.0625,153
ITL35__811950289_stage_1_seed_2_hof_0,ITL35,22.9375,25.1875,26.75,29.3125,31.9375,34.5625,37.5625,40.4375,43.9375,47.375,50.8125,54.6875,58.5625,62.75,67.125,71.3125,75.8125,80.25,84.625,89.5625,94.75,99.8125,105.6875,110.4375
ITL35__811963128_stage_1_seed_1_hof_0,ITL35,36.8125,39.8125,43.5,46.75,51.0625,55.375,59.75,64.75,70.5625,76.6875,82.625,89.3125,96.0625,103.6875,109.875,117.0625,124.125,131.0625,138.625,146.875,156.1875,168.75,184.6875,202.125
ITL35__811963128_stage_1_seed_2_hof_0,ITL35,32.8125,35.625,37.9375,40.3125,44.0625,47.25,51.3125,55.6875,60.1875,65.375,70.875,76.75,82.5625,88.6875,92.875,99.1875,105,110.9375,116.375,122.9375,128.8125,136.125,144.5,151.8125
ITL35__811989435_stage_1_seed_1_hof_0,ITL35,59,65.1875,71.3125,77.5,84.0625,90.8125,98.125,105.8125,113.625,121.9375,130.875,140.1875,150.25,160.1875,171.6875,183.875,196.625,210.9375,227.625,NaN,NaN,NaN,NaN,NaN
ITL35__811989435_stage_1_seed_2_hof_0,ITL35,51.8125,56.1875,60.6875,65.3125,70.0625,75.3125,80.9375,86.75,92.875,99.25,105.8125,112.9375,119.75,127.25,134.375,142.6875,151.8125,163,177.75,189.375,NaN,NaN,NaN,NaN
ITL35__832515726_stage_1_seed_1_hof_0,ITL35,23.75,25.8125,27.125,29.125,31.3125,34,36.1875,38.25,41.4375,44.5,47.9375,51.75,55.625,60.25,64.6875,69.25,74.0625,79.3125,84.875,90.4375,97.4375,104.4375,113.5625,122.875
ITL35__832515726_stage_1_seed_2_hof_0,ITL35,21.0625,22.375,23.375,24.5625,26.4375,27.875,30.1875,32.3125,35.25,38.125,42.125,46.625,52,57.875,65.5625,74.625,84.6875,97.875,114.8125,135.6875,163.9375,198.625,248.625,NaN
ITL35__832526715_stage_1_seed_1_hof_0,ITL35,13.625,14.6875,15.125,16.5,17.5,18.625,19.625,21.0625,22.5625,24.875,26.875,29.4375,31.6875,34.875,37.9375,41.25,44.375,47.5,50.6875,53.8125,56.6875,59.5625,62.125,63.9375
ITL35__832526715_stage_1_seed_2_hof_0,ITL35,26.75,28.875,30.9375,33.3125,35.375,37.625,40,42.5,45.0625,48,51.125,54.25,57.875,61.5,65.1875,66.875,72.0625,73.6875,77.0625,80.0625,83.125,86.25,88.6875,90.8125
ITL35__832627767_stage_1_seed_2_hof_0,ITL35,29.75,31.4375,33.3125,35.375,37.5625,39.375,41.625,43.9375,46.125,48.6875,51.375,54.3125,57.1875,60.3125,63.125,66.6875,70.3125,74.1875,78.25,82,86.5625,90.75,94.75,98.375
ITL35__835667511_stage_1_seed_1_hof_0,ITL35,27.8125,30.625,33.25,36.0625,39.4375,42.625,46.1875,49.8125,53.875,58.25,62.625,67.25,72.25,77.5,82.625,87.3125,92.625,98.4375,105,111.875,120.3125,131,143.0625,156.375
ITL35__835667511_stage_1_seed_2_hof_0,ITL35,23.3125,25.4375,27.5,29.8125,32.1875,35,37.4375,40.375,43.5625,46.8125,50.0625,53.8125,57.4375,61.3125,65.3125,69.375,73.8125,78.25,82.6875,87.625,93.375,100.3125,108.4375,115.375
ITL35__840047288_stage_1_seed_1_hof_0,ITL35,25.8125,28.25,31.125,34.4375,38.625,44.625,52.3125,65.625,89.625,118.125,144.625,167.75,191.4375,216.25,NaN,NaN,NaN,NaN,NaN,NaN,NaN,NaN,NaN,NaN
ITL35__840047288_stage_1_seed_2_hof_0,ITL35,24.8125,27.6875,29.875,32.375,35.375,37.6875,41.1875,44.6875,48.5,52.8125,57.375,62.625,67.8125,73.9375,79.875,86.6875,93.375,101,109.3125,119,130.125,144,163.6875,182.375
ITL35__852955642_stage_1_seed_1_hof_0,ITL35,39.4375,42.9375,46.375,50.25,54.1875,58.375,62.875,68.375,73.375,80.5,87.4375,95.9375,105.25,115.9375,128.1875,141.0625,156.0625,172.375,190.0625,210.5625,234.3125,NaN,NaN,NaN
ITL35__852955642_stage_1_seed_2_hof_0,ITL35,40.4375,44.125,47.875,51.8125,55.625,59.875,64.1875,68.6875,72.5625,77.3125,81.5625,85.25,89.625,93.25,97.3125,101.0625,105.4375,110,114.6875,120.375,125.125,NaN,NaN,NaN
ITL35__857541842_stage_1_seed_1_hof_0,ITL35,54.0625,58.5625,63.0625,67.75,73.25,78.375,84.4375,90.8125,98.125,106,114.5625,124,133.875,144.625,156.5,169.6875,184.0625,201.6875,NaN,NaN,NaN,NaN,NaN,NaN
ITL35__857541842_stage_1_seed_2_hof_0,ITL35,62.9375,68.0625,73.0625,78.25,83.6875,89.25,95.6875,102.3125,109.5,118.0625,127.0625,137.5,148.8125,161.875,175.75,191.125,208.4375,227.375,251.875,NaN,NaN,NaN,NaN,NaN
ITL35__857558720_stage_1_seed_1_hof_0,ITL35,38.125,41.9375,46.25,50.3125,54.75,59.3125,64.375,69.75,75.375,81.875,89.1875,97.3125,106.125,115.625,125.3125,136.5,147.9375,160.875,175.8125,195.0625,222.625,NaN,NaN,NaN
ITL35__857558720_stage_1_seed_2_hof_0,ITL35,34.5,37.1875,40.5,43.5625,46.875,50.8125,54.5625,58.3125,62.4375,67.4375,72.625,78.9375,85.75,93.5,101.25,110.375,119.5,127.5,137.625,147.75,158.5,169.9375,182.5625,193.25
ITL35__868182038_stage_1_seed_1_hof_0,ITL35,42.375,46.125,49.9375,54,57.6875,62.1875,66.3125,70.75,76.125,81.8125,88.75,97.5,108.0625,120.25,134.625,152.375,173.375,202.25,NaN,NaN,NaN,NaN,NaN,NaN
ITL35__868182038_stage_1_seed_2_hof_0,ITL35,24.125,26.0625,28.0625,31.125,34.4375,38,43.3125,49.375,60.375,75.5625,99.9375,129,156.5,181.5,NaN,NaN,NaN,NaN,NaN,NaN,NaN,NaN,NaN,NaN
ITL35__868226529_stage_1_seed_2_hof_0,ITL35,44.6875,49.0625,52.875,57.8125,63.75,69.875,76.5625,83.625,91.375,99.5,107.5,117.0625,127.3125,137.8125,150.8125,165.3125,182,NaN,NaN,NaN,NaN,NaN,NaN,NaN
ITL35__880961835_stage_1_seed_1_hof_0,ITL35,29.6875,32.625,35.75,39,42.875,46.75,51.9375,57.3125,63.75,70.6875,78.1875,87.5625,98.5,111.4375,127.25,144.5625,166.375,192.5,227.3125,NaN,NaN,NaN,NaN,NaN
ITL35__880961835_stage_1_seed_2_hof_0,ITL35,13.25,13.75,14.375,15.0625,16.375,18,21.3125,23.6875,27.0625,30.9375,34.5,39,45.75,52.5,60.75,70.0625,79.625,90.4375,102.0625,114.625,128.0625,142.1875,158.6875,163.6875
ITL35__880987037_stage_1_seed_1_hof_0,ITL35,59.4375,70.75,81.5625,93.625,104.8125,117.4375,130.4375,142.875,157.6875,NaN,NaN,NaN,NaN,NaN,NaN,NaN,NaN,NaN,NaN,NaN,NaN,NaN,NaN,NaN
ITL35__889779159_stage_1_seed_1_hof_0,ITL35,56.4375,62,67.5,74.3125,80.875,87.8125,95.1875,103.4375,112,121.8125,132.5,143.6875,155.75,167.9375,180.25,193.3125,207.0625,222.4375,240.6875,NaN,NaN,NaN,NaN,NaN
ITL35__889779159_stage_1_seed_2_hof_0,ITL35,40.75,44.375,48.5,52.4375,57.1875,61.9375,66.5625,71.5625,76.875,82,87.25,92.9375,97.6875,103.0625,108.3125,113.875,119.3125,125.25,132.5625,141.0625,152.125,165.125,165.625,NaN
ITL35__902446347_stage_1_seed_1_hof_0,ITL35,27.5,30.25,32.875,35.6875,38.3125,41.125,43.8125,47.25,50.6875,54.25,58.8125,63.3125,68.8125,74.5625,81.4375,88.9375,97.5,106.625,116.5,127.0625,138.9375,152.1875,166.625,178.75
ITL35__902446347_stage_1_seed_2_hof_0,ITL35,46.75,50.875,55.375,60.125,65.0625,70.25,75.75,81.3125,87.5625,94.6875,102.125,110.1875,118.9375,128.5,139.375,151.375,165,181.625,202.5625,NaN,NaN,NaN,NaN,NaN
ITL35__902475622_stage_1_seed_1_hof_0,ITL35,52.375,56.4375,60.75,65.125,69.625,75.1875,81,87.125,94.0625,101.0625,109.0625,117.875,126.6875,136.0625,146.125,156.75,168.125,180.6875,196.6875,217.0625,NaN,NaN,NaN,NaN
ITL35__902475622_stage_1_seed_2_hof_0,ITL35,47.5,51.0625,55,59.3125,64.25,69.3125,74.9375,80.3125,85.875,92.375,99.0625,105.875,112.3125,119.3125,126.125,134.125,143.4375,155,170.6875,NaN,NaN,NaN,NaN,NaN
ITL35__902475774_stage_1_seed_1_hof_0,ITL35,22.9375,24.625,26.0625,27.75,29.5625,31.75,33.875,36.0625,38.9375,42,45.125,49.1875,53.3125,58.3125,64.25,70.8125,77.6875,86.25,94.875,105.25,117.1875,131.375,148.9375,166.75
ITL35__902475774_stage_1_seed_2_hof_0,ITL35,20.875,22.25,24,24.8125,26.25,28.0625,29.3125,31.0625,33.25,35.875,39.125,42.5,47.3125,53,60.125,69.3125,80.5,93.6875,112.75,142.125,NaN,NaN,NaN,NaN
ITL35__902534917_stage_1_seed_1_hof_0,ITL35,17.4375,18.625,20.25,21.5,23,24.6875,26.6875,28.8125,31.125,33.4375,35.875,38.5,41.375,44.625,48.3125,52.0625,56.4375,61.1875,66.75,72.6875,79.5,86.75,95.75,104.125
ITL35__902534917_stage_1_seed_2_hof_0,ITL35,16.125,16.875,18.125,19.1875,20.3125,22,23.0625,24.875,26.8125,28.5,30.3125,32.625,35.375,37.5625,40.9375,44.75,48.5,52.3125,57.875,63.125,68.6875,74.9375,81.75,86.8125
ITL35__911084481_stage_1_seed_1_hof_0,ITL35,33.125,34.375,35.6875,36.75,38.25,39.4375,40.6875,42.4375,44.6875,46.875,49.875,52.9375,56.25,60.4375,63.9375,69.0625,73.5,79.3125,85.4375,92.6875,100.25,108.3125,117.6875,125.0625
ITL35__911084481_stage_1_seed_2_hof_0,ITL35,21.0625,22.4375,24.0625,25.625,27.1875,28.5,30.5,32.4375,34.375,36.9375,39.1875,41.6875,44.5,47,50.125,52.6875,55.6875,58.1875,61,63.5625,66.125,68.625,71,72.9375
ITL35__911111047_stage_1_seed_2_hof_0,ITL35,50.875,56,61.6875,67.4375,73.9375,80.75,88.125,95.8125,103.6875,112.25,121.8125,133.0625,145.9375,161.1875,NaN,NaN,NaN,NaN,NaN,NaN,NaN,NaN,NaN,NaN
ITL35__911155494_stage_1_seed_1_hof_0,ITL35,10.375,10.9375,11.875,13.0625,13.9375,15.5625,16.8125,18.375,19.75,21.9375,24,26.5,29.1875,32.125,35.125,38.3125,41.8125,45.6875,49.375,53.25,57.5,61.1875,65.375,69
ITL35__911155494_stage_1_seed_2_hof_0,ITL35,30.375,33.4375,36.4375,39.25,42.8125,46.25,49.75,53.5625,57.5625,61.625,66.0625,70.5625,75.4375,80.4375,85.5625,90.5625,94.375,99.875,104.6875,109.6875,114.6875,119.6875,125.0625,129.3125
ITL46__1001462085_stage_1_seed_1_hof_0,ITL46,6.125,6.6875,7.1875,7.6875,8.3125,9,9.6875,10.5,11.4375,12.125,13.125,14.1875,15.25,16.3125,17.4375,18.5,19.625,20.8125,21.8125,23,24.4375,25.8125,27.625,29.1875
ITL46__1001462085_stage_1_seed_2_hof_0,ITL46,4.8125,5.3125,5.8125,6.5625,7.375,8.3125,9.4375,10.6875,12.0625,13.6875,15.5,17.5625,19.9375,22.5,25.625,29.1875,33.4375,38.625,45.5,53.875,65.5,82.5625,110.0625,148.5
ITL46__1005032096_stage_1_seed_1_hof_0,ITL46,41.4375,44.6875,48.3125,52.125,56.375,60.875,66.4375,72.625,79.625,88.4375,99.1875,112.25,127.875,146.375,167.5625,190.75,NaN,NaN,NaN,NaN,NaN,NaN,NaN,NaN
ITL46__1005032096_stage_1_seed_2_hof_0,ITL46,63.3125,72.6875,81,90.25,99.3125,108.8125,117.9375,128.25,138.25,149.5,161.75,174.375,NaN,NaN,NaN,NaN,NaN,NaN,NaN,NaN,NaN,NaN,NaN,NaN
ITL46__650076115_stage_1_seed_1_hof_0,ITL46,55.25,64.8125,76.125,87.1875,98.75,110.3125,122.5625,134.9375,148.875,163.5,178.9375,196.8125,NaN,NaN,NaN,NaN,NaN,NaN,NaN,NaN,NaN,NaN,NaN,NaN
ITL46__650076115_stage_1_seed_2_hof_0,ITL46,38.1875,40.8125,43.25,45.6875,48.625,51.625,56.125,60.8125,65.625,71.8125,80.75,90.125,100.0625,114.9375,134.0625,NaN,NaN,NaN,NaN,NaN,NaN,NaN,NaN,NaN
ITL46__689338841_stage_1_seed_1_hof_0,ITL46,30.75,33.3125,35.8125,39.5625,43.5,48.0625,54.125,60.875,69.5,80.3125,94.6875,114.1875,139.4375,173.9375,216.5625,NaN,NaN,NaN,NaN,NaN,NaN,NaN,NaN,NaN
ITL46__689338841_stage_1_seed_2_hof_0,ITL46,35.25,37.125,39.8125,42.0625,45.5625,48.0625,51.8125,55.375,59.6875,64.5625,69.375,74.3125,80.1875,86.3125,92.1875,98.5625,104.8125,112.125,121,131.9375,145,NaN,NaN,NaN
ITL46__695500665_stage_1_seed_1_hof_0,ITL46,37.3125,40.25,43.4375,47.125,51.125,55.875,60.6875,65.875,71.3125,76.75,82.9375,89.125,95.25,101.4375,108.125,114.0625,120.375,125.9375,132,138.0625,143.9375,150.25,158.5,166.8125
ITL46__695500665_stage_1_seed_2_hof_0,ITL46,48,52.0625,56.5,61.4375,66.5,71.8125,77.5625,83.1875,89.5,95.375,102,108.5,114.8125,120.3125,126.8125,132.9375,138.875,145.75,153.125,161.9375,173.5625,189.8125,203.0625,NaN
ITL46__695533933_stage_1_seed_1_hof_0,ITL46,20.8125,22.4375,23.8125,25.5,27.0625,28.875,31.4375,33.25,36.125,39.25,42.5,45.875,49.375,53.25,57,61,65.25,69.375,73.4375,77.5625,81.5,85.625,88.375,91.5625
ITL46__695533933_stage_1_seed_2_hof_0,ITL46,18.5625,20.375,22.1875,24.875,27,29.0625,32.875,35.8125,40,44.1875,50.125,55.125,62.125,69.25,77.3125,86.5,95.8125,106.6875,118,131.3125,146.5,164.25,194,NaN
ITL46__695564858_stage_1_seed_1_hof_0,ITL46,23.5,25.1875,27.25,29.125,31.3125,33.8125,36.0625,38.9375,41.875,45,48.375,51.9375,55.875,60,64.0625,68.1875,72.5,77.0625,82.125,87.0625,92.6875,98.75,105.4375,111.9375
ITL46__695564858_stage_1_seed_2_hof_0,ITL46,23.9375,25.8125,27.875,30.1875,32.9375,35.4375,38.3125,41.5,44.9375,48.1875,52,55.5625,59.5,62.8125,66.4375,69.875,73,75.9375,78.3125,79.9375,NaN,NaN,NaN,NaN
ITL46__751250580_stage_1_seed_1_hof_0,ITL46,13.4375,14.5,15.6875,17,18.3125,19.6875,21.0625,22.5625,24.25,26,27.6875,29.5625,31.4375,33.375,35.3125,36.75,38.6875,41,43.5625,46.1875,49.375,53.5,58.8125,64.3125
ITL46__751250580_stage_1_seed_2_hof_0,ITL46,21.5625,23.5,25.5625,27.75,30.0625,32.375,34.875,37.625,40.4375,43.3125,46.4375,49.4375,52.5625,56,59,61.8125,65.125,68.4375,72.0625,75.875,80.0625,85.1875,91.125,96.875
ITL46__811809232_stage_1_seed_1_hof_0,ITL46,32.625,35.5,38.6875,41.9375,45.5625,49.0625,53.1875,57.375,61.6875,66.3125,70.8125,75.4375,80.4375,85.0625,90.0625,95.4375,103,110.3125,118.0625,NaN,NaN,NaN,NaN,NaN
ITL46__811809232_stage_1_seed_2_hof_0,ITL46,22.6875,24.4375,26.8125,30.5,33.25,37.0625,40.8125,45,49.0625,53.875,59.125,65.75,73.25,81.9375,92.1875,103.25,116.1875,131.0625,149.5625,173.375,NaN,NaN,NaN,NaN
ITL46__832523835_stage_1_seed_1_hof_0,ITL46,23.3125,25.125,27.0625,29,31.1875,33.4375,35.625,37.9375,40.625,43.125,45.9375,48.75,51.375,54.5,57.125,59.875,62.6875,65.125,67.25,69.375,71.6875,73.5,75.75,77.75
ITL46__832523835_stage_1_seed_2_hof_0,ITL46,29.8125,31.25,33.1875,34.75,36.5625,38.4375,40.5,42.3125,44.6875,47,49.5625,52.125,55,57.8125,60.875,64.5,68,71.375,74.8125,78.625,82.375,86.625,90.8125,94.1875
ITL46__832554358_stage_1_seed_1_hof_0,ITL46,21.875,24.125,26.5,28.75,31.1875,33.875,36.8125,39.8125,42.9375,46.25,49.8125,54,57.8125,62.125,66.5625,71.0625,75.1875,79.625,83.375,87.0625,91,94.375,97.75,100.8125
ITL46__832554358_stage_1_seed_2_hof_0,ITL46,23.3125,25.125,26.9375,28.875,31.25,33.3125,36.125,38.875,41.8125,44.8125,48.4375,51.6875,55.3125,58.875,62.5625,65.9375,69.1875,72.4375,75.4375,78.6875,81.375,84,86.8125,89.5625
ITL46__832577255_stage_1_seed_1_hof_0,ITL46,72.875,81.25,91,101.6875,112.375,125.8125,140,156.875,NaN,NaN,NaN,NaN,NaN,NaN,NaN,NaN,NaN,NaN,NaN,NaN,NaN,NaN,NaN,NaN
ITL46__832577255_stage_1_seed_2_hof_0,ITL46,39.5,42.25,45,47.8125,50.75,53.875,57.3125,60.9375,64.8125,68.9375,73.4375,78.1875,82.8125,88.125,93.25,98.5625,103.8125,109.25,114.25,119.625,124.875,130.5,136.375,141.3125
ITL46__832639358_stage_1_seed_1_hof_0,ITL46,25.125,24.75,28,29.125,30.75,31.9375,35.875,38.75,42.1875,45.25,49.75,54.1875,60.875,66,74.25,83.4375,92.5,103.125,116.3125,131,148.0625,171.6875,NaN,NaN
ITL46__832639358_stage_1_seed_2_hof_0,ITL46,37.3125,40.75,44.1875,47.75,51.375,55.625,59.5625,63.875,68.375,73.5625,78.625,84.4375,90,96.375,102.75,109.3125,116.1875,123.5625,130.875,139.625,149.5625,161.1875,177.375,194.5
ITL46__840031638_stage_1_seed_1_hof_0,ITL46,3.25,3.625,4.0625,6,7.5625,10.0625,11.9375,13.25,15.75,17.875,21,25.0625,29.125,35.3125,44.4375,56.625,73.6875,105.125,NaN,NaN,NaN,NaN,NaN,NaN
ITL46__840031638_stage_1_seed_2_hof_0,ITL46,12.3125,16.125,19.125,NaN,NaN,NaN,NaN,NaN,NaN,NaN,NaN,NaN,NaN,NaN,NaN,NaN,NaN,NaN,NaN,NaN,NaN,NaN,NaN,NaN
ITL46__852947311_stage_1_seed_1_hof_0,ITL46,37.4375,40.25,43.875,47.5625,52.0625,56.4375,61.125,66.9375,72.6875,78.75,86,93.9375,103,113.625,126.5,143.125,164.0625,192,229.6875,NaN,NaN,NaN,NaN,NaN
ITL46__852947311_stage_1_seed_2_hof_0,ITL46,23.25,24.875,26.6875,28.75,31.5625,34.375,37.6875,41.8125,45.8125,50.0625,56.0625,62,68.375,75.625,83.1875,90.625,99,106.625,114.4375,122,130.1875,139.125,150.4375,156.5625
ITL46__857664466_stage_1_seed_1_hof_0,ITL46,63.9375,72.5,81.125,89.8125,98,107,116.9375,126.1875,137.3125,148.875,161.8125,177.25,194.8125,217.4375,NaN,NaN,NaN,NaN,NaN,NaN,NaN,NaN,NaN,NaN
ITL46__857664466_stage_1_seed_2_hof_0,ITL46,45.375,49.6875,54.375,59.6875,65.6875,71.6875,78.6875,86.5625,95.3125,104.75,115.1875,126.4375,139.3125,152.4375,167.25,183.4375,201.6875,NaN,NaN,NaN,NaN,NaN,NaN,NaN
ITL46__868096876_stage_1_seed_1_hof_0,ITL46,27.9375,32.6875,37.875,44.5625,49.75,58.875,67.125,77.9375,88.6875,100.375,112.125,124.3125,136.25,149.25,162.375,177.0625,NaN,NaN,NaN,NaN,NaN,NaN,NaN,NaN
ITL46__868096876_stage_1_seed_2_hof_0,ITL46,88.9375,97.125,106.25,115.75,125.5,135.5,145.8125,156.625,167.375,178.9375,190.0625,202.3125,215.375,228.9375,244.75,NaN,NaN,NaN,NaN,NaN,NaN,NaN,NaN,NaN
ITL46__868212204_stage_1_seed_1_hof_0,ITL46,17.3125,19.8125,22.0625,24.75,27.5,30.1875,33.125,36,39.1875,41.75,44.9375,48.125,51.6875,54.75,58.3125,61.6875,65.1875,69.75,74.4375,80,85.9375,92.625,97.125,NaN
ITL46__868212204_stage_1_seed_2_hof_0,ITL46,42.125,47.75,53.375,59.375,65.875,72.3125,79.9375,88.125,96.375,105.5625,115.5,127.125,139.625,154.125,171.6875,195.6875,NaN,NaN,NaN,NaN,NaN,NaN,NaN,NaN
ITL46__868243768_stage_1_seed_1_hof_0,ITL46,89.625,98.5625,108.4375,119.125,131.75,145.5625,161.3125,180.5625,NaN,NaN,NaN,NaN,NaN,NaN,NaN,NaN,NaN,NaN,NaN,NaN,NaN,NaN,NaN,NaN
ITL46__868243768_stage_1_seed_2_hof_0,ITL46,91.3125,99.1875,108.375,117.4375,127.375,137.75,149.3125,161.625,174.6875,189.6875,NaN,NaN,NaN,NaN,NaN,NaN,NaN,NaN,NaN,NaN,NaN,NaN,NaN,NaN
ITL46__889767432_stage_1_seed_1_hof_0,ITL46,135.75,144.125,153.1875,163.375,174.4375,186.6875,200,213.875,228.9375,245.0625,NaN,NaN,NaN,NaN,NaN,NaN,NaN,NaN,NaN,NaN,NaN,NaN,NaN,NaN
ITL46__889767432_stage_1_seed_2_hof_0,ITL46,31.75,34.1875,36.9375,39.875,43.3125,46.625,50.625,54.5625,58.8125,63.375,68.875,73.75,79.375,85.25,91,96.875,102.9375,109.3125,116.5,123.9375,132.4375,142.125,155.0625,167.0625
ITL46__902436175_stage_1_seed_1_hof_0,ITL46,55.75,58.5625,63.6875,69.4375,76.125,83.5625,94.25,104.25,114.9375,126.3125,138.1875,150.5,163.875,177.25,191,205.375,221.1875,239.375,NaN,NaN,NaN,NaN,NaN,NaN
ITL46__902436175_stage_1_seed_2_hof_0,ITL46,NaN,72.5,80.75,89,97.9375,107.1875,117.375,126.9375,137.75,148.75,161.125,174.125,187.125,NaN,NaN,NaN,NaN,NaN,NaN,NaN,NaN,NaN,NaN,NaN
ITL46__902531223_stage_1_seed_1_hof_0,ITL46,74.125,78.4375,83.1875,87.9375,93.1875,98.875,105.125,112.0625,118.625,125.875,133.5,141.625,149.5625,158.8125,168.3125,178.375,189.25,200.875,213.9375,228.8125,248.5625,NaN,NaN,NaN
ITL46__902531223_stage_1_seed_2_hof_0,ITL46,74.875,81.5625,89,96.5,104.8125,113.4375,122.125,131.5,140.625,150.0625,160,169.4375,179.875,190.4375,202.0625,214.5,228.375,NaN,NaN,NaN,NaN,NaN,NaN,NaN
ITL46__911030210_stage_1_seed_1_hof_0,ITL46,36.3125,38.875,41.9375,45.0625,48.125,51.5,55.5,59.3125,63.8125,68.1875,73.625,78.6875,84.1875,90.4375,96.75,102.9375,109.625,116.75,123.3125,130.3125,137.4375,144.8125,151.8125,158.1875
ITL46__911030210_stage_1_seed_2_hof_0,ITL46,37.375,40.875,44.5625,48.5625,52.75,57.25,61.75,66.625,71.75,76.75,82.0625,87.3125,92.9375,98.0625,103.5625,108,113.0625,117.875,122.3125,127.3125,132,136.875,142.3125,147.3125
ITL46__911076688_stage_1_seed_1_hof_0,ITL46,42.375,46.5625,51.25,56.9375,62.75,70.25,79.25,91,105.0625,122.6875,142.5,165.9375,194,NaN,NaN,NaN,NaN,NaN,NaN,NaN,NaN,NaN,NaN,NaN
ITL46__911076688_stage_1_seed_2_hof_0,ITL46,38.625,41.9375,44.875,48.5,52.3125,56.75,62.25,68.5,76.25,85.8125,96.6875,110.6875,128.3125,150.25,182.3125,NaN,NaN,NaN,NaN,NaN,NaN,NaN,NaN,NaN
LAMP5PAX6Other__1001422905_stage_1_seed_1_hof_0,LAMP5PAX6Other,34.3125,37.1875,40.4375,44,47.875,52.3125,57.625,63.5,70.375,77.8125,86.75,97.25,NaN,NaN,NaN,NaN,NaN,NaN,NaN,NaN,NaN,NaN,NaN,NaN
LAMP5PAX6Other__1001422905_stage_1_seed_2_hof_0,LAMP5PAX6Other,63.375,71.375,80.375,89.8125,99.8125,110.875,122.625,135.5,150.5625,166.375,NaN,NaN,NaN,NaN,NaN,NaN,NaN,NaN,NaN,NaN,NaN,NaN,NaN,NaN
LAMP5PAX6Other__1001425139_stage_1_seed_1_hof_0,LAMP5PAX6Other,28.125,31.625,35.25,38.75,43.5,49.3125,54.6875,61.5,69.75,80.375,92.5,NaN,NaN,NaN,NaN,NaN,NaN,NaN,NaN,NaN,NaN,NaN,NaN,NaN
LAMP5PAX6Other__1001425139_stage_1_seed_2_hof_0,LAMP5PAX6Other,49.875,55.3125,61.375,67.1875,73.375,79.8125,87.125,93.875,101.5,109.5625,117.1875,126,134.75,144,152.875,NaN,NaN,NaN,NaN,NaN,NaN,NaN,NaN,NaN
LAMP5PAX6Other__1001478009_stage_1_seed_1_hof_0,LAMP5PAX6Other,26.125,27.9375,30.1875,33.25,36,39.375,42.875,46.5,50.25,NaN,NaN,NaN,NaN,NaN,NaN,NaN,NaN,NaN,NaN,NaN,NaN,NaN,NaN,NaN
LAMP5PAX6Other__1001478009_stage_1_seed_2_hof_0,LAMP5PAX6Other,42,45.375,48.5,51.875,55.4375,58.75,62.4375,66.5625,70.1875,NaN,NaN,NaN,NaN,NaN,NaN,NaN,NaN,NaN,NaN,NaN,NaN,NaN,NaN,NaN
LAMP5PAX6Other__1001483877_stage_1_seed_1_hof_0,LAMP5PAX6Other,77,87.375,96.5,107.3125,118.4375,128.9375,140.5,151.3125,164.9375,179.125,195.875,NaN,NaN,NaN,NaN,NaN,NaN,NaN,NaN,NaN,NaN,NaN,NaN,NaN
LAMP5PAX6Other__1001483877_stage_1_seed_2_hof_0,LAMP5PAX6Other,20.25,21.75,22.5,NaN,NaN,NaN,NaN,NaN,NaN,NaN,NaN,NaN,NaN,NaN,NaN,NaN,NaN,NaN,NaN,NaN,NaN,NaN,NaN,NaN
LAMP5PAX6Other__1005083233_stage_1_seed_1_hof_0,LAMP5PAX6Other,23.625,32.5,42.125,53.875,65.75,79.125,91.8125,106,121.375,137.4375,146.9375,NaN,NaN,NaN,NaN,NaN,NaN,NaN,NaN,NaN,NaN,NaN,NaN,NaN
LAMP5PAX6Other__1005083233_stage_1_seed_2_hof_0,LAMP5PAX6Other,44.125,46.875,49.8125,53.25,57.625,63.1875,68.3125,74.9375,82.6875,93.25,105.4375,120.0625,139.375,168.625,190.125,NaN,NaN,NaN,NaN,NaN,NaN,NaN,NaN,NaN
LAMP5PAX6Other__1005097706_stage_1_seed_1_hof_0,LAMP5PAX6Other,32.25,36,38.75,43,47.4375,52.5625,58.875,66.5625,75.1875,87.625,104.25,126,152.9375,NaN,NaN,NaN,NaN,NaN,NaN,NaN,NaN,NaN,NaN,NaN
LAMP5PAX6Other__1005116394_stage_1_seed_1_hof_0,LAMP5PAX6Other,41.125,47.25,52.9375,61.1875,69.1875,77.5625,85.75,96.0625,106.6875,116.375,129.25,NaN,NaN,NaN,NaN,NaN,NaN,NaN,NaN,NaN,NaN,NaN,NaN,NaN
LAMP5PAX6Other__1005116394_stage_1_seed_2_hof_0,LAMP5PAX6Other,20.875,27.8125,37.9375,49.9375,62.6875,75.8125,91,103.875,115.875,125,NaN,NaN,NaN,NaN,NaN,NaN,NaN,NaN,NaN,NaN,NaN,NaN,NaN,NaN
LAMP5PAX6Other__653810044_stage_1_seed_1_hof_0,LAMP5PAX6Other,34.5625,38.6875,42.625,46.9375,51.3125,57.3125,62.3125,68.5,74.4375,82.25,NaN,NaN,NaN,NaN,NaN,NaN,NaN,NaN,NaN,NaN,NaN,NaN,NaN,NaN
LAMP5PAX6Other__653810044_stage_1_seed_2_hof_0,LAMP5PAX6Other,46,51.1875,57.0625,63.5,70.125,78.375,87.5625,NaN,NaN,NaN,NaN,NaN,NaN,NaN,NaN,NaN,NaN,NaN,NaN,NaN,NaN,NaN,NaN,NaN
LAMP5PAX6Other__689319155_stage_1_seed_1_hof_0,LAMP5PAX6Other,43.625,48.625,53.875,60.125,66.375,73.3125,80.6875,89.9375,97.9375,104.75,NaN,NaN,NaN,NaN,NaN,NaN,NaN,NaN,NaN,NaN,NaN,NaN,NaN,NaN
LAMP5PAX6Other__689319155_stage_1_seed_2_hof_0,LAMP5PAX6Other,53.0625,59.5,66.6875,73.5,81.5625,89.3125,98.3125,106.875,114.6875,123.75,NaN,NaN,NaN,NaN,NaN,NaN,NaN,NaN,NaN,NaN,NaN,NaN,NaN,NaN
LAMP5PAX6Other__707795387_stage_1_seed_1_hof_0,LAMP5PAX6Other,52.875,69.8125,85.375,103.6875,120.8125,136.75,143.25,NaN,NaN,NaN,NaN,NaN,NaN,NaN,NaN,NaN,NaN,NaN,NaN,NaN,NaN,NaN,NaN,NaN
LAMP5PAX6Other__721688585_stage_1_seed_1_hof_0,LAMP5PAX6Other,64.0625,73.3125,82.3125,92.875,103.0625,113.875,125.3125,136.875,148.9375,161.75,175.125,188.5625,203.625,219.5625,237.875,NaN,NaN,NaN,NaN,NaN,NaN,NaN,NaN,NaN
LAMP5PAX6Other__721688585_stage_1_seed_2_hof_0,LAMP5PAX6Other,61.875,73.875,87.1875,98.9375,112.6875,126.375,141.25,156.6875,173.5,NaN,NaN,NaN,NaN,NaN,NaN,NaN,NaN,NaN,NaN,NaN,NaN,NaN,NaN,NaN
LAMP5PAX6Other__737549661_stage_1_seed_1_hof_0,LAMP5PAX6Other,29.4375,34.4375,44.375,52.6875,62.0625,62.3125,NaN,NaN,NaN,NaN,NaN,NaN,NaN,NaN,NaN,NaN,NaN,NaN,NaN,NaN,NaN,NaN,NaN,NaN
LAMP5PAX6Other__738006528_stage_1_seed_1_hof_0,LAMP5PAX6Other,23.625,25.625,27.75,30.0625,32.5,35.125,38.25,41.4375,44.8125,48.8125,54.625,59.875,65.9375,73.4375,82.125,92.4375,103.875,117.6875,133.5,154,NaN,NaN,NaN,NaN
LAMP5PAX6Other__738006528_stage_1_seed_2_hof_0,LAMP5PAX6Other,15.3125,17,18.875,20.1875,22.5,24.1875,26.625,29.75,32.75,36.4375,39.875,44.875,50.875,56.6875,63.5625,72.9375,82.8125,94.625,NaN,NaN,NaN,NaN,NaN,NaN
LAMP5PAX6Other__766984328_stage_1_seed_2_hof_0,LAMP5PAX6Other,55.3125,63,74.6875,88.875,104.8125,123.9375,145.1875,164,169.25,NaN,NaN,NaN,NaN,NaN,NaN,NaN,NaN,NaN,NaN,NaN,NaN,NaN,NaN,NaN
LAMP5PAX6Other__767084655_stage_1_seed_1_hof_0,LAMP5PAX6Other,24.625,28.3125,32.8125,38.25,46.0625,54.25,63,NaN,NaN,NaN,NaN,NaN,NaN,NaN,NaN,NaN,NaN,NaN,NaN,NaN,NaN,NaN,NaN,NaN
LAMP5PAX6Other__767084655_stage_1_seed_2_hof_0,LAMP5PAX6Other,62,70.625,79.6875,89.75,100.0625,111.75,NaN,NaN,NaN,NaN,NaN,NaN,NaN,NaN,NaN,NaN,NaN,NaN,NaN,NaN,NaN,NaN,NaN,NaN
LAMP5PAX6Other__770559860_stage_1_seed_1_hof_0,LAMP5PAX6Other,38.8125,45.5,53.1875,NaN,NaN,NaN,NaN,NaN,NaN,NaN,NaN,NaN,NaN,NaN,NaN,NaN,NaN,NaN,NaN,NaN,NaN,NaN,NaN,NaN
LAMP5PAX6Other__770559860_stage_1_seed_2_hof_0,LAMP5PAX6Other,65,79.875,88.875,NaN,NaN,NaN,NaN,NaN,NaN,NaN,NaN,NaN,NaN,NaN,NaN,NaN,NaN,NaN,NaN,NaN,NaN,NaN,NaN,NaN
LAMP5PAX6Other__811822915_stage_1_seed_1_hof_0,LAMP5PAX6Other,65.3125,74.125,83.75,93.4375,104.5,118.9375,134.9375,153.4375,176.1875,204.6875,NaN,NaN,NaN,NaN,NaN,NaN,NaN,NaN,NaN,NaN,NaN,NaN,NaN,NaN
LAMP5PAX6Other__811822915_stage_1_seed_2_hof_0,LAMP5PAX6Other,92.5625,106.3125,120.25,134.5625,151.4375,169.4375,NaN,NaN,NaN,NaN,NaN,NaN,NaN,NaN,NaN,NaN,NaN,NaN,NaN,NaN,NaN,NaN,NaN,NaN
LAMP5PAX6Other__811932153_stage_1_seed_1_hof_0,LAMP5PAX6Other,34.8125,38.25,41.8125,44.8125,48.875,52.0625,56.0625,60.625,65.5625,71.75,77.5625,85.625,93.8125,104.0625,116.0625,NaN,NaN,NaN,NaN,NaN,NaN,NaN,NaN,NaN
LAMP5PAX6Other__811932153_stage_1_seed_2_hof_0,LAMP5PAX6Other,49.9375,55.4375,60.9375,67.6875,75.25,84.125,93,NaN,NaN,NaN,NaN,NaN,NaN,NaN,NaN,NaN,NaN,NaN,NaN,NaN,NaN,NaN,NaN,NaN
LAMP5PAX6Other__811953283_stage_1_seed_1_hof_0,LAMP5PAX6Other,44.5625,48.3125,52.5625,57.0625,61.3125,66.0625,71.875,77.375,84.1875,92.75,102.1875,113.125,124.5,NaN,NaN,NaN,NaN,NaN,NaN,NaN,NaN,NaN,NaN,NaN
LAMP5PAX6Other__811953283_stage_1_seed_2_hof_0,LAMP5PAX6Other,17.75,19.1875,20.75,22.1875,24.125,26,27.8125,30.3125,32.75,35.8125,39.0625,42.75,47.125,51.8125,58.3125,65.3125,73.9375,84.8125,98.125,116.6875,NaN,NaN,NaN,NaN
LAMP5PAX6Other__832565636_stage_1_seed_1_hof_0,LAMP5PAX6Other,34.4375,37.75,41.6875,46.0625,50.6875,55.9375,NaN,69.1875,NaN,NaN,NaN,NaN,NaN,NaN,NaN,NaN,NaN,NaN,NaN,NaN,NaN,NaN,NaN,NaN
LAMP5PAX6Other__832565636_stage_1_seed_2_hof_0,LAMP5PAX6Other,40.875,45.6875,51,58.375,64.8125,74.8125,87.6875,NaN,NaN,NaN,NaN,NaN,NaN,NaN,NaN,NaN,NaN,NaN,NaN,NaN,NaN,NaN,NaN,NaN
LAMP5PAX6Other__832614788_stage_1_seed_1_hof_0,LAMP5PAX6Other,42.8125,47.3125,51.875,56.9375,62.6875,69.75,78.0625,86.0625,96.6875,108.5,124.0625,140.625,161.5,NaN,NaN,NaN,NaN,NaN,NaN,NaN,NaN,NaN,NaN,NaN
LAMP5PAX6Other__832614788_stage_1_seed_2_hof_0,LAMP5PAX6Other,45.75,51.0625,56.5625,62.25,69.375,76.75,84.375,94.5625,NaN,NaN,NaN,NaN,NaN,NaN,NaN,NaN,NaN,NaN,NaN,NaN,NaN,NaN,NaN,NaN
LAMP5PAX6Other__835572687_stage_1_seed_2_hof_0,LAMP5PAX6Other,65.375,73.875,82.375,91.625,102.375,113.6875,126.1875,139.875,154.125,170.3125,NaN,NaN,NaN,NaN,NaN,NaN,NaN,NaN,NaN,NaN,NaN,NaN,NaN,NaN
LAMP5PAX6Other__835596750_stage_1_seed_1_hof_0,LAMP5PAX6Other,19.75,22.1875,24.8125,27.625,30.9375,34.75,39.625,44.5,50.8125,58,66.5,76.8125,88.375,100,113.375,NaN,NaN,NaN,NaN,NaN,NaN,NaN,NaN,NaN
LAMP5PAX6Other__835596750_stage_1_seed_2_hof_0,LAMP5PAX6Other,36.5625,43.5625,51.6875,63,75.25,88.625,104.125,120.0625,137.75,155.5,175.875,NaN,NaN,NaN,NaN,NaN,NaN,NaN,NaN,NaN,NaN,NaN,NaN,NaN
LAMP5PAX6Other__835611255_stage_1_seed_1_hof_0,LAMP5PAX6Other,16,16.5,16.875,17.3125,17.9375,18.5,19.1875,20,20.8125,21.875,23,24.8125,62.875,78.1875,90.5625,104.0625,122.4375,NaN,NaN,NaN,NaN,NaN,NaN,NaN
LAMP5PAX6Other__835611255_stage_1_seed_2_hof_0,LAMP5PAX6Other,28.375,30.8125,33.9375,36.9375,40.25,43.1875,46.125,49.5625,53.625,57.5,61.8125,66.4375,72.75,79.375,86.875,94.875,105.6875,118.75,135.6875,NaN,NaN,NaN,NaN,NaN
LAMP5PAX6Other__835631800_stage_1_seed_2_hof_0,LAMP5PAX6Other,28.5,32.5625,36.25,41.4375,46.875,54.1875,63.1875,74.375,89,104.25,121.5625,139.8125,159.625,178.75,NaN,NaN,NaN,NaN,NaN,NaN,NaN,NaN,NaN,NaN
LAMP5PAX6Other__835648767_stage_1_seed_1_hof_0,LAMP5PAX6Other,61.625,69.5,79.3125,90.25,102.125,112.4375,124,133.4375,135.3125,NaN,NaN,NaN,NaN,NaN,NaN,NaN,NaN,NaN,NaN,NaN,NaN,NaN,NaN,NaN
LAMP5PAX6Other__835648767_stage_1_seed_2_hof_0,LAMP5PAX6Other,51.625,56.8125,64.125,67.4375,74.625,82.0625,90.75,98.375,109.1875,NaN,NaN,NaN,NaN,NaN,NaN,NaN,NaN,NaN,NaN,NaN,NaN,NaN,NaN,NaN
LAMP5PAX6Other__835857228_stage_1_seed_2_hof_0,LAMP5PAX6Other,46.875,52.625,59.25,66.0625,74.125,82.875,91.9375,102.375,111.9375,122.625,135.5,147.9375,161,NaN,NaN,NaN,NaN,NaN,NaN,NaN,NaN,NaN,NaN,NaN
LAMP5PAX6Other__835859530_stage_1_seed_1_hof_0,LAMP5PAX6Other,44.5,51.875,58.4375,66.875,75.0625,83.6875,93.6875,103.9375,115.625,128.5,142.9375,157.875,NaN,NaN,NaN,NaN,NaN,NaN,NaN,NaN,NaN,NaN,NaN,NaN
LAMP5PAX6Other__835859530_stage_1_seed_2_hof_0,LAMP5PAX6Other,40.5625,45.6875,50,56.4375,62.375,69.8125,78.625,87.9375,99.3125,NaN,NaN,NaN,NaN,NaN,NaN,NaN,NaN,NaN,NaN,NaN,NaN,NaN,NaN,NaN
LAMP5PAX6Other__839923944_stage_1_seed_1_hof_0,LAMP5PAX6Other,49.625,55.25,60.625,66.75,73.6875,80.625,87.875,NaN,NaN,NaN,NaN,NaN,NaN,NaN,NaN,NaN,NaN,NaN,NaN,NaN,NaN,NaN,NaN,NaN
LAMP5PAX6Other__839923944_stage_1_seed_2_hof_0,LAMP5PAX6Other,38.75,43.25,47.3125,51.6875,56.125,61.1875,66.75,72.6875,79.0625,NaN,NaN,NaN,NaN,NaN,NaN,NaN,NaN,NaN,NaN,NaN,NaN,NaN,NaN,NaN
LAMP5PAX6Other__839970928_stage_1_seed_1_hof_0,LAMP5PAX6Other,25.6875,28.0625,31.0625,33.875,37.1875,40.625,43.875,46.9375,NaN,NaN,NaN,NaN,NaN,NaN,NaN,NaN,NaN,NaN,NaN,NaN,NaN,NaN,NaN,NaN
LAMP5PAX6Other__840043506_stage_1_seed_1_hof_0,LAMP5PAX6Other,29.9375,32.0625,33.875,36.625,39.375,41.75,44.875,48.875,53.5625,58.5,66.875,74.6875,NaN,NaN,NaN,NaN,NaN,NaN,NaN,NaN,NaN,NaN,NaN,NaN
LAMP5PAX6Other__840043506_stage_1_seed_2_hof_0,LAMP5PAX6Other,77.9375,94.0625,108.0625,121.0625,130,NaN,NaN,NaN,NaN,NaN,NaN,NaN,NaN,NaN,NaN,NaN,NaN,NaN,NaN,NaN,NaN,NaN,NaN,NaN
LAMP5PAX6Other__840062001_stage_1_seed_2_hof_0,LAMP5PAX6Other,33.875,37.9375,42.375,48.5625,55.375,64.5,73.625,84,95.8125,106.8125,118.3125,130.5,142.625,155.75,169.125,183.75,199.25,NaN,NaN,NaN,NaN,NaN,NaN,NaN
LAMP5PAX6Other__840142358_stage_1_seed_2_hof_0,LAMP5PAX6Other,10.125,11.1875,12.0625,13.375,14.5625,15.8125,17.5625,19.0625,21.3125,23.8125,27.0625,30.625,34.9375,40.0625,45.9375,52.875,54.8125,NaN,NaN,NaN,NaN,NaN,NaN,NaN
LAMP5PAX6Other__852671126_stage_1_seed_1_hof_0,LAMP5PAX6Other,37.625,43.375,48.8125,56.125,63.5,70.3125,77.5,85.125,92.875,102.375,110.5625,119.5,129,140.0625,151.375,163.1875,177.5625,195.1875,213.625,NaN,NaN,NaN,NaN,NaN
LAMP5PAX6Other__852671126_stage_1_seed_2_hof_0,LAMP5PAX6Other,20.75,23.6875,25.6875,28.9375,31.75,34.875,37.875,42.1875,46.9375,52.125,57.9375,66,74.4375,86.3125,100.875,NaN,NaN,NaN,NaN,NaN,NaN,NaN,NaN,NaN
LAMP5PAX6Other__854528751_stage_1_seed_1_hof_0,LAMP5PAX6Other,23.6875,25.75,27.9375,30.75,33.5625,36.6875,40.375,45.125,50.3125,56.25,NaN,NaN,NaN,NaN,NaN,NaN,NaN,NaN,NaN,NaN,NaN,NaN,NaN,NaN
LAMP5PAX6Other__854528751_stage_1_seed_2_hof_0,LAMP5PAX6Other,22.6875,25.0625,28.0625,31.625,36.3125,42.75,51.6875,66.75,88.8125,NaN,NaN,NaN,NaN,NaN,NaN,NaN,NaN,NaN,NaN,NaN,NaN,NaN,NaN,NaN
LAMP5PAX6Other__854543457_stage_1_seed_2_hof_0,LAMP5PAX6Other,81.125,92.125,104.125,118.625,131.6875,NaN,NaN,NaN,NaN,NaN,NaN,NaN,NaN,NaN,NaN,NaN,NaN,NaN,NaN,NaN,NaN,NaN,NaN,NaN
LAMP5PAX6Other__854622053_stage_1_seed_1_hof_0,LAMP5PAX6Other,67.875,81.1875,93,106.625,122.0625,138.9375,NaN,NaN,NaN,NaN,NaN,NaN,NaN,NaN,NaN,NaN,NaN,NaN,NaN,NaN,NaN,NaN,NaN,NaN
LAMP5PAX6Other__854622053_stage_1_seed_2_hof_0,LAMP5PAX6Other,44.5,50.625,57.125,65,74.0625,85.6875,99.25,115.3125,133.875,NaN,NaN,NaN,NaN,NaN,NaN,NaN,NaN,NaN,NaN,NaN,NaN,NaN,NaN,NaN
LAMP5PAX6Other__854629312_stage_1_seed_1_hof_0,LAMP5PAX6Other,55.3125,59.8125,66.5625,73.625,81.5,91.6875,103,118.5,NaN,NaN,NaN,NaN,NaN,NaN,NaN,NaN,NaN,NaN,NaN,NaN,NaN,NaN,NaN,NaN
LAMP5PAX6Other__854629312_stage_1_seed_2_hof_0,LAMP5PAX6Other,69.625,76.8125,85.0625,94,104.3125,114.875,126.6875,139.125,154.125,NaN,NaN,NaN,NaN,NaN,NaN,NaN,NaN,NaN,NaN,NaN,NaN,NaN,NaN,NaN
LAMP5PAX6Other__868240930_stage_1_seed_1_hof_0,LAMP5PAX6Other,80.3125,93.875,103.0625,106.5625,NaN,NaN,NaN,NaN,NaN,NaN,NaN,NaN,NaN,NaN,NaN,NaN,NaN,NaN,NaN,NaN,NaN,NaN,NaN,NaN
LAMP5PAX6Other__868240930_stage_1_seed_2_hof_0,LAMP5PAX6Other,54.125,61.875,70.125,NaN,NaN,NaN,NaN,NaN,NaN,NaN,NaN,NaN,NaN,NaN,NaN,NaN,NaN,NaN,NaN,NaN,NaN,NaN,NaN,NaN
LAMP5PAX6Other__880238289_stage_1_seed_1_hof_0,LAMP5PAX6Other,44,48.875,54.375,61.0625,67.9375,77,87.5625,100.875,117,NaN,NaN,NaN,NaN,NaN,NaN,NaN,NaN,NaN,NaN,NaN,NaN,NaN,NaN,NaN
LAMP5PAX6Other__880238289_stage_1_seed_2_hof_0,LAMP5PAX6Other,50.625,60.3125,69.9375,80,91.0625,102.3125,114.125,126.9375,140.125,155.6875,171.0625,188.25,NaN,NaN,NaN,NaN,NaN,NaN,NaN,NaN,NaN,NaN,NaN,NaN
LAMP5PAX6Other__880352738_stage_1_seed_1_hof_0,LAMP5PAX6Other,79.875,89.6875,99.875,110.25,121.1875,133.4375,145.6875,158,171.0625,NaN,NaN,NaN,NaN,NaN,NaN,NaN,NaN,NaN,NaN,NaN,NaN,NaN,NaN,NaN
LAMP5PAX6Other__880352738_stage_1_seed_2_hof_0,LAMP5PAX6Other,75.25,83.625,93.125,102.375,111.4375,120.9375,132.75,143.3125,150.625,NaN,NaN,NaN,NaN,NaN,NaN,NaN,NaN,NaN,NaN,NaN,NaN,NaN,NaN,NaN
LAMP5PAX6Other__880462484_stage_1_seed_1_hof_0,LAMP5PAX6Other,71,81.625,92.9375,106.5625,117.8125,130.125,144.8125,159.1875,175.375,191.4375,NaN,230.3125,NaN,NaN,NaN,NaN,NaN,NaN,NaN,NaN,NaN,NaN,NaN,NaN
LAMP5PAX6Other__880462484_stage_1_seed_2_hof_0,LAMP5PAX6Other,58.75,68.6875,78.3125,89.6875,100.5,112.875,125.4375,138.25,152.6875,NaN,NaN,NaN,NaN,NaN,NaN,NaN,NaN,NaN,NaN,NaN,NaN,NaN,NaN,NaN
LAMP5PAX6Other__902487067_stage_1_seed_1_hof_0,LAMP5PAX6Other,22.75,26.0625,28.875,32.8125,37.0625,42,47.875,54.1875,NaN,NaN,NaN,NaN,NaN,NaN,NaN,NaN,NaN,NaN,NaN,NaN,NaN,NaN,NaN,NaN
LAMP5PAX6Other__902487067_stage_1_seed_2_hof_0,LAMP5PAX6Other,21.3125,23.3125,26.5625,29.375,34.4375,40.0625,46.625,54.875,66.1875,NaN,NaN,NaN,NaN,NaN,NaN,NaN,NaN,NaN,NaN,NaN,NaN,NaN,NaN,NaN
LAMP5PAX6Other__902498859_stage_1_seed_1_hof_0,LAMP5PAX6Other,11,12.125,13.3125,14.5,15.875,17.4375,19.0625,20.75,22.8125,25,27.6875,30.75,34.4375,39,44.3125,51.875,63.375,84.4375,125.5,NaN,NaN,NaN,NaN,NaN
LAMP5PAX6Other__902498859_stage_1_seed_2_hof_0,LAMP5PAX6Other,7.9375,8.25,9.4375,9.625,10.8125,11.8125,12.875,14.8125,16.6875,18.875,21.8125,25.25,29.1875,33.8125,39.25,45.6875,NaN,NaN,NaN,NaN,NaN,NaN,NaN,NaN
LAMP5PAX6Other__902511379_stage_1_seed_1_hof_0,LAMP5PAX6Other,63.875,70.625,79.75,90.5,100.4375,113.6875,125.9375,139.3125,153.5625,168.8125,184.25,191,NaN,NaN,NaN,NaN,NaN,NaN,NaN,NaN,NaN,NaN,NaN,NaN
LAMP5PAX6Other__902511379_stage_1_seed_2_hof_0,LAMP5PAX6Other,61.9375,69.6875,78.375,88.5,98.5,109.6875,120.0625,134.25,147.3125,162.25,177.625,NaN,NaN,NaN,NaN,NaN,NaN,NaN,NaN,NaN,NaN,NaN,NaN,NaN
LAMP5PAX6Other__911052828_stage_1_seed_2_hof_0,LAMP5PAX6Other,46.25,51.625,58.125,66.4375,76.125,86.6875,NaN,NaN,NaN,NaN,NaN,NaN,NaN,NaN,NaN,NaN,NaN,NaN,NaN,NaN,NaN,NaN,NaN,NaN
PVALB__643397120_stage_1_seed_1_hof_0,PVALB,92.5,99.75,107.875,115.9375,124.375,NaN,NaN,NaN,NaN,NaN,NaN,NaN,NaN,NaN,NaN,NaN,NaN,NaN,NaN,NaN,NaN,NaN,NaN,NaN
PVALB__643397120_stage_1_seed_2_hof_0,PVALB,88.8125,99.1875,109.5625,119.9375,129.9375,140.5625,153.1875,164.3125,177.875,NaN,NaN,NaN,NaN,NaN,NaN,NaN,NaN,NaN,NaN,NaN,NaN,NaN,NaN,NaN
PVALB__656933853_stage_1_seed_1_hof_0,PVALB,26.4375,32.125,42.1875,52.125,63.875,77.0625,89.1875,98.5,106.6875,113.3125,NaN,NaN,NaN,NaN,NaN,NaN,NaN,NaN,NaN,NaN,NaN,NaN,NaN,NaN
PVALB__656933853_stage_1_seed_2_hof_0,PVALB,35.5,41.125,45.8125,52.25,56.5625,63,68.1875,73.9375,80.125,87.375,92.875,100.9375,108.25,115.5625,123.0625,131.8125,140.0625,145.875,NaN,NaN,NaN,NaN,NaN,NaN
PVALB__685790763_stage_1_seed_2_hof_0,PVALB,53.5625,64.5625,75.875,87.8125,96.3125,102.3125,NaN,NaN,NaN,NaN,NaN,NaN,NaN,NaN,NaN,NaN,NaN,NaN,NaN,NaN,NaN,NaN,NaN,NaN
PVALB__685821059_stage_1_seed_1_hof_0,PVALB,8.875,19.5625,30.4375,43.0625,55,68.1875,80.3125,93.8125,105.9375,118.1875,132,144.4375,158.25,172.5625,186.6875,201.625,215.6875,231.5625,235.375,NaN,NaN,NaN,NaN,NaN
PVALB__685821059_stage_1_seed_2_hof_0,PVALB,48.8125,54.0625,59.5625,64.1875,69.0625,73.8125,78.0625,82.75,87.375,91.875,96.8125,102.1875,108.25,113.6875,NaN,NaN,NaN,NaN,NaN,NaN,NaN,NaN,NaN,NaN
PVALB__689331391_stage_1_seed_1_hof_0,PVALB,107.25,119.75,133.5,147.3125,161.75,176.6875,192.875,211.125,229.75,250.125,272.5625,NaN,NaN,NaN,NaN,NaN,NaN,NaN,NaN,NaN,NaN,NaN,NaN,NaN
PVALB__689331391_stage_1_seed_2_hof_0,PVALB,114.5625,128.3125,142.3125,156.8125,171.6875,187.3125,203.25,221.1875,239.25,259,280.5625,304.6875,NaN,NaN,NaN,NaN,NaN,NaN,NaN,NaN,NaN,NaN,NaN,NaN
PVALB__689360084_stage_1_seed_1_hof_0,PVALB,64.8125,77.8125,91.0625,103.4375,116.75,130.9375,144.875,159.9375,NaN,NaN,NaN,NaN,NaN,NaN,NaN,NaN,NaN,NaN,NaN,NaN,NaN,NaN,NaN,NaN
PVALB__689360084_stage_1_seed_2_hof_0,PVALB,44.125,52.125,64.125,78,91.1875,105.25,119.5,134,149,163.375,179.0625,NaN,NaN,NaN,NaN,NaN,NaN,NaN,NaN,NaN,NaN,NaN,NaN,NaN
PVALB__695505884_stage_1_seed_1_hof_0,PVALB,5.3125,7.5,13.25,23.8125,37.5,54.8125,73.875,93,112.4375,133.6875,154.375,173.375,178.25,NaN,NaN,NaN,NaN,NaN,NaN,NaN,NaN,NaN,NaN,NaN
PVALB__695574463_stage_1_seed_1_hof_0,PVALB,64.4375,79.1875,93.125,106.9375,121,135,149.8125,163.5,179.4375,195,211,229.625,248.625,270.4375,286.5625,NaN,NaN,NaN,NaN,NaN,NaN,NaN,NaN,NaN
PVALB__701072075_stage_1_seed_2_hof_0,PVALB,8,8.5,9,9.375,9.75,10.4375,10.5,11.5,12.375,13.75,15.25,17.5,20.0625,23.3125,27.6875,32.375,37.0625,42.1875,46.3125,NaN,NaN,NaN,NaN,NaN
PVALB__720835661_stage_1_seed_1_hof_0,PVALB,84.3125,94.0625,104.1875,113.5,123,133.375,144.1875,NaN,NaN,NaN,NaN,NaN,NaN,NaN,NaN,NaN,NaN,NaN,NaN,NaN,NaN,NaN,NaN,NaN
PVALB__720835661_stage_1_seed_2_hof_0,PVALB,125.5625,136.875,148.5625,162.625,176.1875,190.8125,206.1875,223.4375,241.875,NaN,NaN,NaN,NaN,NaN,NaN,NaN,NaN,NaN,NaN,NaN,NaN,NaN,NaN,NaN
PVALB__732058780_stage_1_seed_1_hof_0,PVALB,22.6875,42.4375,68.25,100.125,114.8125,NaN,NaN,NaN,NaN,NaN,NaN,NaN,NaN,NaN,NaN,NaN,NaN,NaN,NaN,NaN,NaN,NaN,NaN,NaN
PVALB__732105067_stage_1_seed_1_hof_0,PVALB,18.5625,31.6875,44.4375,56.9375,68.4375,80.375,91.4375,103.375,115.5625,127.8125,140.125,153.1875,165.3125,178.6875,192.9375,207.4375,223.4375,241.1875,NaN,NaN,NaN,NaN,NaN,NaN
PVALB__732105067_stage_1_seed_2_hof_0,PVALB,31.625,43.0625,54.625,65.3125,76,86.625,97.6875,108.375,119.3125,130.25,141.9375,153.5,165,176.875,189.5,203.375,217.25,234.0625,253.875,NaN,NaN,NaN,NaN,NaN
PVALB__758308097_stage_1_seed_1_hof_0,PVALB,35,52.3125,71.3125,85.6875,103.8125,119.4375,136.125,152.375,168.625,186.5,204.4375,223.8125,244.1875,266.625,NaN,NaN,NaN,NaN,NaN,NaN,NaN,NaN,NaN,NaN
PVALB__758308097_stage_1_seed_2_hof_0,PVALB,80.25,97.1875,114.3125,132.625,151.375,170.6875,191.5625,214.1875,238.375,NaN,NaN,NaN,NaN,NaN,NaN,NaN,NaN,NaN,NaN,NaN,NaN,NaN,NaN,NaN
PVALB__766789211_stage_1_seed_1_hof_0,PVALB,65.8125,76.9375,87.25,99.0625,111.875,124.4375,137.875,152,169.125,186.3125,NaN,NaN,NaN,NaN,NaN,NaN,NaN,NaN,NaN,NaN,NaN,NaN,NaN,NaN
PVALB__766789211_stage_1_seed_2_hof_0,PVALB,73.6875,84.625,97.8125,111.5625,124.3125,140.25,156.6875,174,194.375,NaN,NaN,NaN,NaN,NaN,NaN,NaN,NaN,NaN,NaN,NaN,NaN,NaN,NaN,NaN
PVALB__767801031_stage_1_seed_1_hof_0,PVALB,74.9375,86.9375,98.4375,111.0625,124.1875,138.375,153,167.8125,184.1875,200.9375,220.8125,240.25,NaN,NaN,NaN,NaN,NaN,NaN,NaN,NaN,NaN,NaN,NaN,NaN
PVALB__767801031_stage_1_seed_2_hof_0,PVALB,78.1875,89.4375,100.125,113.125,126.8125,141.0625,157.5625,173.8125,192.3125,NaN,NaN,NaN,NaN,NaN,NaN,NaN,NaN,NaN,NaN,NaN,NaN,NaN,NaN,NaN
PVALB__770622754_stage_1_seed_1_hof_0,PVALB,3.25,3.4375,3.875,4.125,4.4375,4.75,5.1875,5.5625,6.0625,6.5,7.0625,7.8125,8.5625,9.3125,10.5625,11.8125,13.25,15.25,18.25,21.875,27.25,31.6875,NaN,NaN
PVALB__770622754_stage_1_seed_2_hof_0,PVALB,4.125,4.5,4.9375,5.25,5.5625,5.9375,6.4375,7,7.5,8.25,9.0625,9.9375,11.0625,12.3125,13.75,15.625,17.8125,20.1875,23.75,28,34.125,40.0625,NaN,NaN
PVALB__786447528_stage_1_seed_1_hof_0,PVALB,4.25,4.625,5.0625,5.4375,5.875,6.375,6.9375,7.5,8.0625,8.75,9.5,10.3125,11.1875,12.3125,13.5,14.9375,16.4375,18.5,21.0625,24.5,27.875,31.625,NaN,NaN
PVALB__786447528_stage_1_seed_2_hof_0,PVALB,3.1875,3.4375,3.875,4,4.5,5.0625,5.9375,7,8.5625,11.6875,20.875,43.5,79.625,118,152.5625,187.8125,222.0625,NaN,NaN,NaN,NaN,NaN,NaN,NaN
PVALB__805772880_stage_1_seed_1_hof_0,PVALB,3,3.25,3.5625,4,4.5,5.1875,5.875,7,8.125,9.4375,11.3125,13.75,16.8125,21.3125,28.125,38.875,49.625,NaN,NaN,NaN,NaN,NaN,NaN,NaN
PVALB__805772880_stage_1_seed_2_hof_0,PVALB,3.1875,3.5,3.75,4.1875,4.625,5.125,5.8125,6.6875,7.5,8.875,10.3125,12.3125,14.6875,16.625,NaN,NaN,NaN,NaN,NaN,NaN,NaN,NaN,NaN,NaN
PVALB__811984547_stage_1_seed_1_hof_0,PVALB,14,20,25.875,31.9375,37.6875,43.6875,49.75,55.75,62.1875,68.125,75.4375,82.1875,90.875,100.0625,110.25,122.0625,136.9375,153.5625,NaN,NaN,NaN,NaN,NaN,NaN
PVALB__811984547_stage_1_seed_2_hof_0,PVALB,9,20.25,30.6875,41.0625,49.875,59.3125,68.5625,76.9375,86.625,95.8125,105.75,115.6875,124.9375,NaN,NaN,NaN,NaN,NaN,NaN,NaN,NaN,NaN,NaN,NaN
PVALB__835674226_stage_1_seed_1_hof_0,PVALB,76.0625,82.8125,89.875,98.4375,107.4375,117.5625,126.5625,139.9375,153.8125,170.1875,187.9375,NaN,NaN,NaN,NaN,NaN,NaN,NaN,NaN,NaN,NaN,NaN,NaN,NaN
PVALB__835674226_stage_1_seed_2_hof_0,PVALB,101.0625,110.875,122,132.125,143.6875,157.9375,169.0625,182.875,196.75,211.5625,227.375,245,257.375,NaN,NaN,NaN,NaN,NaN,NaN,NaN,NaN,NaN,NaN,NaN
SST__689306781_stage_1_seed_1_hof_0,SST,19.5625,21.125,23.9375,26.0625,29.125,32.5,36.75,42.3125,47.875,55.75,63.8125,NaN,NaN,NaN,NaN,NaN,NaN,NaN,NaN,NaN,NaN,NaN,NaN,NaN
SST__689306781_stage_1_seed_2_hof_0,SST,28.125,30.375,32.75,35.1875,37.9375,40.8125,44.0625,47.75,52.3125,57.4375,63.375,70.75,79.375,90.25,NaN,NaN,NaN,NaN,NaN,NaN,NaN,NaN,NaN,NaN
SST__720881002_stage_1_seed_1_hof_0,SST,115.6875,127.125,NaN,NaN,NaN,NaN,NaN,NaN,NaN,NaN,NaN,NaN,NaN,NaN,NaN,NaN,NaN,NaN,NaN,NaN,NaN,NaN,NaN,NaN
SST__720881002_stage_1_seed_2_hof_0,SST,109.6875,124.8125,127.875,NaN,NaN,NaN,NaN,NaN,NaN,NaN,NaN,NaN,NaN,NaN,NaN,NaN,NaN,NaN,NaN,NaN,NaN,NaN,NaN,NaN
SST__737553506_stage_1_seed_1_hof_0,SST,12.375,13.25,13.9375,15,16.0625,17.125,18.5625,19.75,21.5625,23.75,26.0625,29.1875,32.8125,37.3125,42.5,47.5,49,NaN,NaN,NaN,NaN,NaN,NaN,NaN
SST__737553506_stage_1_seed_2_hof_0,SST,15.625,16.6875,17.875,19.25,20.5625,22.1875,23.875,25.5,27.5625,30,32.5,35.75,39.5625,43.375,49.25,55.125,62.3125,71.3125,82.625,95.25,NaN,NaN,NaN,NaN
SST__737792547_stage_1_seed_1_hof_0,SST,89.1875,103.625,123.5,142.4375,162.9375,185.375,203.75,225.125,245.4375,264.5625,282.625,295.1875,298.3125,NaN,NaN,NaN,NaN,NaN,NaN,NaN,NaN,NaN,NaN,NaN
SST__737792547_stage_1_seed_2_hof_0,SST,49.4375,62.9375,76.875,93.875,110.375,129.125,147.9375,167.3125,188.8125,210.0625,232.0625,250.375,NaN,NaN,NaN,NaN,NaN,NaN,NaN,NaN,NaN,NaN,NaN,NaN
SST__758996755_stage_1_seed_1_hof_0,SST,86.625,93.9375,101.875,110.375,119.9375,129.0625,138.9375,149.8125,160.375,172.3125,185,199.3125,NaN,NaN,NaN,NaN,NaN,NaN,NaN,NaN,NaN,NaN,NaN,NaN
SST__758996755_stage_1_seed_2_hof_0,SST,70.5,76,82.5,88.75,96,NaN,NaN,NaN,NaN,NaN,NaN,NaN,NaN,NaN,NaN,NaN,NaN,NaN,NaN,NaN,NaN,NaN,NaN,NaN
SST__766791643_stage_1_seed_1_hof_0,SST,39.8125,44.0625,48.5625,53.25,58.5625,64.625,70.375,76.5,83.5625,89.5,NaN,NaN,NaN,NaN,NaN,NaN,NaN,NaN,NaN,NaN,NaN,NaN,NaN,NaN
SST__766791643_stage_1_seed_2_hof_0,SST,23.5,26,29.875,33.75,40.4375,51.4375,67.0625,84.375,105,126.5,146.5,170.5,190.75,NaN,NaN,NaN,NaN,NaN,NaN,NaN,NaN,NaN,NaN,NaN
SST__868145983_stage_1_seed_1_hof_0,SST,103.4375,115,127.8125,140.3125,147.3125,NaN,NaN,NaN,NaN,NaN,NaN,NaN,NaN,NaN,NaN,NaN,NaN,NaN,NaN,NaN,NaN,NaN,NaN,NaN
SST__868145983_stage_1_seed_2_hof_0,SST,69.0625,78.25,87.1875,97.5625,107.5625,119.4375,130.875,143.1875,156.25,170.75,186.4375,NaN,NaN,NaN,NaN,NaN,NaN,NaN,NaN,NaN,NaN,NaN,NaN,NaN
VIP__650077366_stage_1_seed_1_hof_0,VIP,71.0625,78.125,85.0625,92.8125,101,108.6875,117.4375,126.5625,135.5625,145.3125,156.0625,166.75,177.5625,NaN,NaN,NaN,NaN,NaN,NaN,NaN,NaN,NaN,NaN,NaN
VIP__650077366_stage_1_seed_2_hof_0,VIP,55.75,61.75,66.9375,73.25,79.75,86.625,93.375,100.6875,109.125,117.625,127.375,137.9375,149.5,162.25,NaN,NaN,NaN,NaN,NaN,NaN,NaN,NaN,NaN,NaN
VIP__685766680_stage_1_seed_1_hof_0,VIP,68.375,75.8125,83.875,91.4375,100.125,108.25,117.375,127.375,137.75,149.1875,161.75,176.625,NaN,NaN,NaN,NaN,NaN,NaN,NaN,NaN,NaN,NaN,NaN,NaN
VIP__685766680_stage_1_seed_2_hof_0,VIP,85.5,102.6875,121.125,138.5,155.0625,171.375,189.6875,NaN,NaN,NaN,NaN,NaN,NaN,NaN,NaN,NaN,NaN,NaN,NaN,NaN,NaN,NaN,NaN,NaN
VIP__685780246_stage_1_seed_1_hof_0,VIP,39.8125,44.3125,49,53.9375,58.5625,63.875,69.5625,74.8125,80.9375,87.125,94.25,101.75,110,120.125,131.8125,145.25,NaN,NaN,NaN,NaN,NaN,NaN,NaN,NaN
VIP__685780246_stage_1_seed_2_hof_0,VIP,42,52.5625,62.25,72.4375,82.8125,95,106.625,119.4375,132.8125,148.0625,164.5625,182.875,NaN,NaN,NaN,NaN,NaN,NaN,NaN,NaN,NaN,NaN,NaN,NaN
VIP__685806972_stage_1_seed_1_hof_0,VIP,47.875,55.5,64.3125,74.4375,84.25,96.25,107.9375,120.4375,133.25,146.4375,160.4375,163.8125,NaN,NaN,NaN,NaN,NaN,NaN,NaN,NaN,NaN,NaN,NaN,NaN
VIP__685806972_stage_1_seed_2_hof_0,VIP,52.6875,61.8125,71,79.625,88.9375,98.625,108.5,119.3125,129.1875,140.8125,NaN,NaN,NaN,NaN,NaN,NaN,NaN,NaN,NaN,NaN,NaN,NaN,NaN,NaN
VIP__700801541_stage_1_seed_1_hof_0,VIP,53.75,56.9375,60.1875,63.625,67.25,70.9375,75.0625,79.4375,84.125,89.3125,95.125,102.125,109.375,117.5,127.125,138.3125,NaN,NaN,NaN,NaN,NaN,NaN,NaN,NaN
VIP__700801541_stage_1_seed_2_hof_0,VIP,43.9375,47.125,50.5,53.75,57.5,61.8125,66,70.875,76.1875,81.75,87.3125,NaN,NaN,NaN,NaN,NaN,NaN,NaN,NaN,NaN,NaN,NaN,NaN,NaN
VIP__732115399_stage_1_seed_1_hof_0,VIP,51.4375,59.5625,68.0625,75.625,84.125,93.125,101.125,109.75,118.6875,127.5625,137.1875,147.0625,NaN,NaN,NaN,NaN,NaN,NaN,NaN,NaN,NaN,NaN,NaN,NaN
VIP__732115399_stage_1_seed_2_hof_0,VIP,65.3125,71.9375,79.5625,86.3125,94.9375,102.5,110.5,119.125,128.125,138,147.9375,159.6875,172.6875,NaN,NaN,NaN,NaN,NaN,NaN,NaN,NaN,NaN,NaN,NaN
VIP__732127116_stage_1_seed_1_hof_0,VIP,42.375,54.9375,70.625,85.3125,99.1875,114.6875,130.5625,146.9375,162.25,180.125,199.125,217.8125,238.9375,260.5625,287.5,NaN,NaN,NaN,NaN,NaN,NaN,NaN,NaN,NaN
VIP__732127116_stage_1_seed_2_hof_0,VIP,39.25,49.5,59.6875,72.5,87.0625,99.75,115.625,132.1875,150.1875,169,187.375,205.75,209.875,NaN,NaN,NaN,NaN,NaN,NaN,NaN,NaN,NaN,NaN,NaN
VIP__732141043_stage_1_seed_1_hof_0,VIP,4.1875,4.4375,4.75,5.125,5.375,5.6875,6.125,6.5625,7.25,8.0625,8.875,9.875,11.1875,12.625,15.125,17.6875,22.1875,31.875,56.25,NaN,NaN,NaN,NaN,NaN
VIP__732141043_stage_1_seed_2_hof_0,VIP,5.625,6.1875,6.6875,7.25,7.75,8.3125,9,9.625,10.25,11.125,11.9375,13.0625,14.25,15.8125,17.1875,19.1875,21.375,22.75,24.625,26.4375,NaN,NaN,NaN,NaN
VIP__732141075_stage_1_seed_1_hof_0,VIP,5.625,5.9375,6.3125,6.8125,7.1875,7.625,8.3125,9,9.6875,10.3125,11.1875,12.125,13.4375,15,16.625,18.625,20.5625,23.125,26,29.5,33.5,38.3125,43.6875,48.8125
VIP__732141075_stage_1_seed_2_hof_0,VIP,7.1875,7.6875,8.25,8.75,9.5,10.25,11.1875,12.5625,14.25,17.125,23.0625,43.0625,81.625,123.8125,162.5,197.0625,232.25,263.5,NaN,NaN,NaN,NaN,NaN,NaN
VIP__737549021_stage_1_seed_1_hof_0,VIP,21.4375,23.1875,24.875,27.1875,28.8125,31.75,35.0625,38.5625,42.4375,48.625,54.5,61.8125,NaN,NaN,NaN,NaN,NaN,NaN,NaN,NaN,NaN,NaN,NaN,NaN
VIP__737549021_stage_1_seed_2_hof_0,VIP,89.875,100.5625,111.0625,122,134.0625,146.3125,158.9375,173.25,NaN,NaN,NaN,NaN,NaN,NaN,NaN,NaN,NaN,NaN,NaN,NaN,NaN,NaN,NaN,NaN
VIP__758286002_stage_1_seed_2_hof_0,VIP,135.1875,149.3125,169,184.4375,198.5,209.625,NaN,NaN,NaN,NaN,NaN,NaN,NaN,NaN,NaN,NaN,NaN,NaN,NaN,NaN,NaN,NaN,NaN,NaN
VIP__766791358_stage_1_seed_1_hof_0,VIP,21.5625,22.75,24.0625,25,26.625,NaN,NaN,NaN,NaN,NaN,NaN,NaN,NaN,NaN,NaN,NaN,NaN,NaN,NaN,NaN,NaN,NaN,NaN,NaN
VIP__766791358_stage_1_seed_2_hof_0,VIP,21.75,22.625,23.625,24.8125,25.875,27.375,28.1875,NaN,NaN,NaN,NaN,NaN,NaN,NaN,NaN,NaN,NaN,NaN,NaN,NaN,NaN,NaN,NaN,NaN
VIP__783622479_stage_1_seed_1_hof_0,VIP,29.125,31.625,34.1875,35.8125,38.25,42.0625,44.3125,47.625,51.3125,54.4375,57.6875,NaN,NaN,NaN,NaN,NaN,NaN,NaN,NaN,NaN,NaN,NaN,NaN,NaN
VIP__783622479_stage_1_seed_2_hof_0,VIP,62,70.75,80.1875,89.25,99.3125,110.125,120.6875,132.375,143.625,NaN,NaN,NaN,NaN,NaN,NaN,NaN,NaN,NaN,NaN,NaN,NaN,NaN,NaN,NaN
VIP__793395012_stage_1_seed_1_hof_0,VIP,30,32.875,36.6875,40.5625,44.8125,49.8125,54.1875,58.8125,NaN,NaN,NaN,NaN,NaN,NaN,NaN,NaN,NaN,NaN,NaN,NaN,NaN,NaN,NaN,NaN
VIP__793395012_stage_1_seed_2_hof_0,VIP,28.625,31.1875,34.3125,37.375,41.3125,44.6875,48.875,NaN,NaN,NaN,NaN,NaN,NaN,NaN,NaN,NaN,NaN,NaN,NaN,NaN,NaN,NaN,NaN,NaN
VIP__812033452_stage_1_seed_2_hof_0,VIP,15.0625,16.625,18.3125,19.375,21.5,22.8125,25.0625,27.3125,30.0625,33.1875,35.8125,39.25,43.8125,47.9375,53.5,58.8125,66.125,74.5,84.75,NaN,NaN,NaN,NaN,NaN
VIP__880167933_stage_1_seed_1_hof_0,VIP,101.75,113.25,125.0625,NaN,NaN,NaN,NaN,NaN,NaN,NaN,NaN,NaN,NaN,NaN,NaN,NaN,NaN,NaN,NaN,NaN,NaN,NaN,NaN,NaN
VIP__880167933_stage_1_seed_2_hof_0,VIP,70.4375,77.5625,86.0625,95.375,107.375,122,140.125,NaN,NaN,NaN,NaN,NaN,NaN,NaN,NaN,NaN,NaN,NaN,NaN,NaN,NaN,NaN,NaN,NaN
VIP__880991732_stage_1_seed_1_hof_0,VIP,7.0625,7.375,7.8125,8.625,9.75,10.8125,11.25,13.0625,NaN,NaN,NaN,NaN,NaN,NaN,NaN,NaN,NaN,NaN,NaN,NaN,NaN,NaN,NaN,NaN
